id,address
0,121 Luis Camp Apt. 100
1,#17 65261 Rebecca Books 
2,42215 Joe Avenue Suite 799
3,49743 Michelle Junctions
4,6512 Robert Meadows Suite 381
5,432 Alexander Mountains Apt. 274
6,3386 Benjamin Stravenue Suite 333
7,56577 Mcdonald Cape Suite 893
8,839 Ashlee Avenue
9,597 Charles Keys
10,3968 Marshall Forest
11,44421 Lawson Plains Suite 644
12,7880 Stevens Way Apt. 972
13,0322 Alexander Springs Apt. 486
14,6486 Sosa Streets
15,991 Houston Shores Apt. 441
16,652 Fisher Highway Suite 070
17,05790 Haynes Squares Suite 378
18,398 Margaret Square
19,82197 Daniels Station
20,37397 Gregory Point Apt. 238
21,7897 Alexis Pass
22,971 Bridges Overpass Apt. 371
23,62593 David Courts Apt. 863
24,3401 Abigail Plain
25,9964 Kathy Mall
26,9635 Goodman Dam
27,9797 James Hills Suite 459
28,891 James Alley Suite 595
29,2764 Herrera Rue Suite 302
30,27411 Bianca Highway
31,66242 Larry Court Suite 862
32,26721 Bird Island
33,367 Walls Forges Apt. 499
34,466 Valencia Springs
35,2378 Wright Locks
36,14785 Linda Valley
37,150 Mendoza Lights
38,180 Christopher Lodge
39,80117 Brandi Harbors
40,47658 Mary Junctions
41,37043 Kennedy Turnpike Suite 742
42,41222 Cody Parkway
43,94386 Wilson Alley
44,071 Katie Underpass Suite 430
45,99218 Vasquez Locks
46,0317 Bass Wall Apt. 002
47,50986 Austin Terrace
48,7820 Joseph Road Apt. 717
49,893 Alexander Vista Apt. 416
50,103 Lane Glens Suite 966
51,676 Richard Branch
52,073 Jennifer Bypass
53,7327 Andrew Valley
54,52718 Bennett Brooks Apt. 647
55,7321 Jason Parkway Suite 109
56,0768 Alexis Spurs
57,414 Michael Extensions Suite 054
58,54310 Nelson Port Suite 787
59,1386 Robert Circle
60,29257 Pace Rue Apt. 305
61,764 Anthony Vista Suite 788
62,36917 Maria Common
63,85425 Duffy Manors
64,47220 Fitzgerald Pines
65,7470 Schneider Heights
66,46398 John Mountains Apt. 600
67,623 Todd Curve Apt. 656
68,729 Levine Extension
69,844 Darrell Harbors Suite 784
70,241 Jensen Port
71,245 Turner Stravenue Apt. 718
72,98094 Brian Mountains
73,2102 Holly Port
74,2651 Payne Court Suite 041
75,59939 Timothy Place
76,54880 Stephen Parkways
77,5507 Williams Well Suite 717
78,35208 Kevin Roads Apt. 872
79,535 Curtis Valley
80,6501 Turner Loop Apt. 961
81,7314 John Spur Suite 930
82,61141 Jennifer Via
83,83487 Sherry Fords
84,1479 Mary Walk Apt. 877
85,3557 Sean Plains Apt. 610
86,46000 Joseph Ports
87,45032 Tyler Pine Suite 620
88,4801 Tammy Crescent Suite 958
89,3118 Jennifer Rest Apt. 598
90,361 Evans Meadow
91,1199 Mary Run Apt. 630
92,0094 Ayers Lodge Apt. 058
93,26866 Garrett Inlet Apt. 989
94,4918 Nathan Common
95,7423 Jeffery Spur Apt. 787
96,02844 Emily Causeway
97,5792 Cobb Mountain
98,7600 Ryan Landing
99,94254 Moore Squares Suite 581
100,52914 John Tunnel Apt. 164
101,4558 Hall Pike
102,016 Cory Extensions Suite 250
103,335 Parker Ville Suite 215
104,11417 Nathan Manor Apt. 263
105,52361 Kevin Mews Apt. 428
106,0771 Thomas Estates Suite 385
107,45303 Ponce Road Suite 268
108,70195 Larson Rapids
109,4230 Andrew Greens Suite 810
110,4509 Gutierrez Greens Suite 932
111,98835 Bruce Land Apt. 926
112,69977 Graham Passage
113,171 Johnston Manors Suite 171
114,612 Peters Circle
115,625 Juan Parks
116,130 David Point Suite 310
117,9497 Smith Summit Apt. 804
118,212 Brown Burgs Suite 898
119,5221 Hunt Road Suite 713
120,6906 Greene Wells Suite 154
121,4219 Robert Points
122,828 Megan Island
123,672 Glenn Fall
124,361 Martin Via
125,6568 Michelle Landing
126,28218 Nguyen Knolls
127,169 Rachel Cove
128,2396 Turner Meadows
129,23045 Shirley Loaf
130,06031 Lowe Squares
131,17709 Hines Ridges Apt. 700
132,7155 Kennedy Bridge Suite 237
133,848 Levy Station
134,9881 Anderson Station
135,3434 Clark Pike Apt. 240
136,846 Chase Circles
137,929 Brian Glen Apt. 240
138,854 Schultz Ridge
139,25883 Good Gardens
140,7876 Brown Vista
141,380 Tyler Vista
142,7257 Emily Crest Suite 244
143,37151 Kevin Courts
144,9818 Timothy Light Suite 525
145,67400 Joseph Loaf
146,27878 Angela Shores
147,671 Julie Plaza Suite 304
148,543 Francis Stravenue Apt. 207
149,5593 Tracy Pine
150,425 Young Courts
151,690 Monica Fork
152,61067 Petersen Course Suite 343
153,04521 Anderson Port
154,8266 Jill Hills
155,54853 David Views Suite 929
156,64397 Johnson Coves Suite 245
157,64953 Melissa Glen Suite 772
158,542 Mark Lane
159,8464 Morales Wells Suite 606
160,4906 Sierra Walks
161,274 Roberts Forks Apt. 532
162,9879 Jeffrey Parkway
163,850 Schmidt Locks Apt. 573
164,140 George Fields Suite 612
165,32433 Odonnell Pike
166,296 Guzman Groves Apt. 153
167,8840 Steven Spurs Apt. 081
168,61436 Jason Run
169,338 David Mission Apt. 699
170,23542 Gordon Wells
171,89427 Mcintosh Tunnel
172,3313 Valerie Roads Suite 666
173,652 Matthew Brooks
174,664 Burns Lights Suite 156
175,03480 Kirk Ways Apt. 609
176,8261 Mcgee Meadows
177,0476 Hodge Pine Suite 108
178,0088 Dougherty Skyway
179,6437 Sonya Locks Apt. 218
180,58374 Avery Valley
181,4985 Davis Gardens Suite 338
182,34746 Michelle Flat Apt. 858
183,94754 Mejia Forges Suite 887
184,48868 Hernandez Keys
185,45212 Craig Squares
186,46045 Johnson Cliffs Apt. 404
187,53089 Walter Roads
188,002 Scott Estate Suite 496
189,80379 Kevin Ranch Suite 668
190,8620 Nelson Viaduct
191,19757 Julie Isle
192,6869 Elizabeth Highway
193,43312 Phillips Brooks Suite 475
194,062 Brooke Drive Apt. 942
195,09766 Jacob Extension
196,93508 Crystal View
197,7347 Gabrielle Rapid Apt. 983
198,03706 Shaffer Canyon Apt. 016
199,89370 Sandoval Rest Suite 097
200,580 Brittany Hollow Suite 045
201,23235 Marissa Walks
202,02706 Mccullough Fields Apt. 880
203,8483 Troy Route
204,727 Amber Valleys
205,9931 Brown Stream
206,739 Donovan Curve Suite 195
207,05644 Jones Trail Suite 946
208,96155 Dougherty Springs
209,55411 Maldonado Mountains
210,563 Gray Common Apt. 204
211,55235 Sharon Land
212,903 Roth Station
213,1919 Joshua Groves Apt. 814
214,2008 Evan Isle
215,832 Monica Fort Suite 984
216,978 Paul Crest Suite 988
217,153 Victor Junctions
218,728 Davis Oval
219,40697 Brooke Mission
220,59212 Anthony Route Suite 779
221,645 Gallegos Crossroad Suite 384
222,7765 Katie Rue
223,2598 Isaac Mews Suite 187
224,4171 Beverly Squares
225,350 Kennedy Plain Suite 092
226,138 Melanie Ford
227,3556 Jenkins Squares
228,02247 Kenneth Land
229,082 Carolyn Cape Suite 329
230,350 Cristina Island Suite 763
231,098 Gordon Neck Apt. 297
232,85623 Alan Inlet
233,544 Tanya Village
234,334 Green Terrace
235,75383 Patricia Camp
236,71249 Ronald Rapid Suite 986
237,7152 Thompson Mountain Apt. 068
238,92742 Jackson Ways
239,026 Jones Plaza
240,58132 Fernandez Shoals Suite 115
241,23883 Dalton Mall Suite 651
242,1555 White Knolls Suite 247
243,733 Donna Prairie
244,2222 Debra Locks Apt. 306
245,76025 Johnson Groves Suite 193
246,3900 Bailey Flats
247,338 Robert Crest
248,539 Terrence Overpass
249,0568 Stephanie Club
250,6752 Curtis Point Suite 861
251,775 Savage Knoll Suite 586
252,7051 Riley Oval
253,1479 Kylie Lock Suite 082
254,877 Anderson Highway Suite 504
255,73876 Phillip Curve
256,227 Goodman Road
257,59666 Sanders Curve Suite 178
258,7644 Robin Crossroad
259,61220 Cross Circles Apt. 114
260,4211 Arias Station Suite 226
261,8343 Edwards Passage
262,126 Thompson Street Suite 198
263,2407 Smith Key Apt. 217
264,62722 Kim Gateway Suite 895
265,885 Moody Mountain Suite 859
266,7268 Steven Forges
267,5805 Watts Wall
268,6117 Turner Rapid Apt. 098
269,133 Henry Shoals
270,256 Heath Extension
271,9101 Davis Crossing Suite 736
272,1086 Einstein Branch
273,80487 Darren Parkway
274,3955 Hayden Squares
275,08806 Danielle Isle
276,7460 Marissa Mission Apt. 751
277,634 Lee Valleys Apt. 216
278,2540 Fischer Curve
279,0219 Pierce Tunnel
280,54628 Moreno Tunnel
281,5759 Kathy Square Suite 287
282,32358 Bell Fall Apt. 648
283,593 Cory Rue Suite 796
284,5006 Crystal Avenue Suite 267
285,48036 Bray View Suite 659
286,3806 Kimberly Ferry Suite 289
287,566 Brett Lodge
288,537 Morris Spurs Suite 258
289,645 Meyer Meadow Apt. 609
290,92703 Frank Trafficway
291,28880 Simmons Via Suite 932
292,5414 Rios Coves Apt. 390
293,287 Kimberly Extensions
294,4606 Joseph Via
295,6097 Phillips Track Suite 016
296,093 Matthew Forge Apt. 444
297,8920 Foster Lock
298,09393 Castaneda Burgs
299,69459 Abbott Keys
300,4132 Russell Island Apt. 771
301,045 Dawson Roads Apt. 380
302,70533 Hannah Island
303,86761 Carrillo Station Apt. 059
304,77656 Tate Brook
305,7489 Shawn Rapids
306,085 Haley Passage Apt. 463
307,482 Kristen Ports
308,9479 Christopher Terrace
309,425 Stevens Trace
310,8768 Angel View
311,8110 Christopher Walks Apt. 011
312,47692 Cole Avenue
313,5157 Roger Isle
314,487 Courtney Bypass
315,0400 Barbara Garden Apt. 092
316,394 Tammy Ridge
317,52151 Taylor Springs
318,0436 Alvarez Lakes Suite 140
319,65261 Rebecca Brooks Suite 017
320,312 Justin Extensions
321,320 Jacob Creek
322,19290 Barbara Shoals
323,3901 Bruce Drive Suite 076
324,11213 Cole Shores
325,6812 Hess Tunnel
326,661 Clark Mountain
327,97975 Monica Lodge Apt. 257
328,7337 Robertson Junction Suite 158
329,4912 Price Place Apt. 349
330,07026 Sharon Road Suite 763
331,0774 Davenport Walk Apt. 321
332,74384 Barnes Skyway Apt. 861
333,7580 Evan Plain
334,10651 Samantha Drive
335,8729 Smith Rapid
336,63206 David Valleys
337,4823 Wright Summit
338,101 David Causeway Suite 246
339,546 Nguyen Unions
340,55604 Lee Views Suite 115
341,0914 Heather Prairie Suite 476
342,2927 Stewart Dale Suite 881
343,08734 Sara Unions
344,841 Johnson Ferry Suite 467
345,716 Wise Rapids
346,787 Andrew Curve
347,3890 James Points
348,34494 Latoya Island
349,033 Taylor Dale
350,45652 Molly Forest Suite 134
351,17584 Summer Branch Apt. 461
352,4703 Paul Locks
353,470 Tracy Causeway Apt. 095
354,923 Johnson Trail
355,9916 Erica Lake
356,33416 Gonzales Brook
357,15323 Montes Circles Suite 912
358,29667 Allison Mountain Apt. 550
359,456 Scott Center Suite 969
360,375 Williamson Drive Suite 878
361,2278 Williams Vista
362,82216 Perez Harbor Apt. 139
363,6682 Brendan Estate
364,6475 Leslie Freeway Apt. 827
365,95980 Matthew Drives Apt. 303
366,72280 Baldwin Land Suite 994
367,3647 Jason Isle Apt. 417
368,29209 Roth Estate
369,829 Henry Pass
370,902 David Loaf
371,63174 Norris Trail Suite 230
372,12348 Jesse Isle Apt. 361
373,2491 Mindy Common
374,86394 Stewart Street Apt. 965
375,3463 Julia Locks
376,8441 Gregory Mews Suite 219
377,815 Tonya Well
378,9627 Ross Row
379,301 Julie Roads
380,58002 Tara Freeway
381,3742 Campos Avenue
382,141 Patrick Mall
383,2993 Cooper Walks
384,68397 Nathan Crossing
385,489 Brown Shore Apt. 533
386,7994 Karen Ramp Apt. 782
387,90908 Smith Trace Apt. 659
388,85185 Teresa Causeway
389,764 Justin Cliff
390,3614 Ortiz Hill
391,068 Lindsay Trail Apt. 797
392,5360 Hart Points Suite 350
393,65945 Brittany Divide
394,93705 Butler Stravenue
395,371 Moran Shoal Suite 014
396,64734 Cortez Forks Suite 026
397,570 Brian Ways
398,47202 Hunter Grove Suite 001
399,92276 Joann Green
400,2710 Carlos Skyway Suite 360
401,416 Dan Road
402,30646 Mcdonald Harbor Apt. 623
403,34686 Catherine Overpass Suite 458
404,96853 Michael Lake Apt. 267
405,3976 Clark Drive
406,884 Nicole Port Apt. 066
407,42636 Tracy Streets Apt. 380
408,51401 Ritter Motorway
409,649 West Mill Apt. 884
410,9261 Derek Forge Suite 848
411,4459 Ross Walk
412,8299 Ramsey Harbors
413,57239 Long Row
414,42161 Sean Crest
415,9196 Caitlin Station
416,6261 Wood Key Apt. 416
417,58917 Bush Plaza Suite 543
418,242 Jordan Via
419,03986 Mary Hills Suite 869
420,32640 Ryan Forges Suite 991
421,3530 Edgar Club Apt. 481
422,443 Jacob Ways
423,54690 Shields Roads Apt. 224
424,19869 Martinez Grove
425,93247 Jeremiah Centers Suite 359
426,6074 Dickson Vista
427,28522 Evans Divide Apt. 446
428,10409 Mark Way Suite 637
429,30517 Caroline Lakes Suite 033
430,51153 Vanessa Drive Apt. 964
431,24400 Maria Mountains Suite 738
432,314 Rogers Haven
433,13141 Kent Course Suite 523
434,896 Dillon Knolls Suite 790
435,8178 Sandra Garden
436,34339 Murray Route
437,94618 Johnston Ford Suite 622
438,65261 Rebeca Brooks Suite 17
439,4989 Ward Mountains
440,2844 Cervantes Station Apt. 276
441,94336 Baxter Via
442,862 Dean Groves Suite 548
443,40536 Cole Gateway
444,04847 Barbara Motorway Apt. 869
445,5482 Francisco Road
446,65800 Miller Manors Apt. 873
447,31523 Thomas Groves
448,4912 Holland Route Apt. 454
449,806 Miller Meadows Apt. 975
450,4584 Bobby Walks
451,3940 Gordon Loop Apt. 668
452,5278 Collins Circle Suite 419
453,9586 Munoz Lights Apt. 870
454,1437 Paul Garden
455,2398 Hamilton Key
456,2314 Mclean Parkways
457,2095 Deanna Points Suite 702
458,044 Katrina Trace
459,712 Juan Spurs
460,76940 Simmons Stream Apt. 971
461,43669 Scott Unions Suite 015
462,444 Michael Greens Apt. 223
463,52477 Jason Crossing
464,46848 Freeman Spur Apt. 687
465,57749 Cole Drive
466,0543 Kennedy Flat
467,0056 Catherine Mall
468,8141 Thomas Loaf Suite 087
469,75354 Ellis Squares Suite 675
470,33248 Olson Fork
471,648 James Mission
472,775 Derek Road
473,4453 Mary Glens Apt. 085
474,454 Miller Circle Suite 249
475,0325 David Parks Apt. 719
476,249 Baker Glen
477,900 Mark Garden Suite 166
478,2765 Small Lodge Apt. 161
479,558 Mclean Point
480,851 Williams Ferry Apt. 031
481,317 Thompson Valleys Apt. 030
482,902 Allison Harbors
483,257 Olson Loaf Suite 436
484,00802 Smith Bridge
485,3804 Wilson River Apt. 180
486,04116 Erika Springs Suite 768
487,58162 Simon Extensions
488,1808 Mackenzie Ridges Suite 287
489,56171 Weeks Mews Apt. 193
490,392 Shelby Radial Suite 270
491,537 Brittany Stravenue Suite 731
492,13134 Holloway Skyway
493,877 Tom Plains Apt. 655
494,0454 Sanders Center
495,12803 Frank Lodge
496,34253 Powell Coves
497,25056 Christopher Via
498,3580 Jody Unions
499,51084 Garcia Island Apt. 974
500,0852 Petersen Lock Apt. 223
501,9156 Michelle Stravenue
502,59428 Alex Courts Apt. 795
503,227 Roberto Crossroad Apt. 038
504,46097 Jose Drives Apt. 637
505,16578 Justin Prairie
506,8475 David Glens Suite 475
507,191 Hopkins Land
508,43145 Peter Center Apt. 941
509,0909 Wilson Plaza Apt. 726
510,5950 Raven Loaf Suite 160
511,6179 Hammond Roads Apt. 234
512,3157 Walker Alley Suite 025
513,202 Vega Cape
514,83977 Stacey Mountains Suite 943
515,69928 Mitchell Crossroad Apt. 520
516,7086 King Point
517,062 Rivera Stravenue
518,13369 Brandon Mall Apt. 797
519,23199 Wilcox Village
520,2710 Garcia Causeway Apt. 446
521,30767 David Pass Suite 035
522,59073 Gonzalez Street Suite 701
523,77126 Theresa Freeway
524,18183 Joseph Port
525,5299 Ray Alley
526,61365 Melinda Hollow Apt. 575
527,261 Edward Meadows
528,1718 Robert View Suite 777
529,36931 Mason Motorway Suite 302
530,42292 Michael Mountains
531,81280 Brandon Forks Suite 443
532,99358 Alexander Ford Suite 674
533,507 Crystal Via Apt. 652
534,15658 Michelle Hills
535,6710 William Roads
536,10043 Christopher Estates
537,13705 Angela Ferry Apt. 374
538,6504 Nicholas Summit Suite 605
539,5800 Gonzalez Crossing
540,6964 Banks Rapids Suite 862
541,5564 Fletcher Light Apt. 420
542,15451 King Streets Apt. 464
543,910 Courtney Falls Suite 045
544,8546 Tommy Cove
545,193 Kevin Plains Apt. 902
546,57454 Douglas Plains
547,938 Katie Fall
548,4935 Castro Mountain
549,71282 Williams Plains Apt. 782
550,7838 Hamilton Camp Suite 949
551,08598 Williams Plains Apt. 862
552,907 Evans Brook
553,1303 Michelle Shoals Suite 945
554,4935 Franklin Stream Suite 786
555,613 Ashley Mill Suite 208
556,628 Timothy Mountains
557,9905 Buck Alley
558,500 Emma Common Apt. 544
559,1749 Gallagher Tunnel
560,09851 Frances Cliffs Apt. 292
561,Suite 17  65261 Rebecca Brooks
562,67878 Martin Parkway
563,406 Chad Parkways
564,404 Tucker Port Suite 211
565,519 Jones Flat
566,1091 Wanda Ford
567,34334 Chelsea Path
568,206 Charles Street Apt. 545
569,71828 Willis Extension
570,38632 Daniel Stream Apt. 765
571,62479 Ho Inlet Suite 144
572,06248 Chris Glens Suite 801
573,929 Strong Walk Suite 009
574,783 Max Square
575,7147 James Creek Apt. 529
576,61349 Michelle Wells Suite 036
577,673 Douglas Garden Apt. 088
578,07706 Michelle Stravenue Apt. 590
579,96554 Hoffman Crest Apt. 004
580,46075 Grace Cliff Apt. 604
581,27708 Davidson Ways
582,78526 Andrew Tunnel Apt. 990
583,996 Melissa Hills Suite 700
584,34336 Michael Stravenue Apt. 307
585,272 James Canyon
586,51272 Sampson Manor Suite 337
587,914 Sanchez Circle
588,57319 Hatfield Plains
589,42663 Cristina Ville
590,49541 Fitzgerald Landing
591,48459 Cody Dale Apt. 818
592,49252 Nguyen Oval Suite 855
593,061 Avila Harbor Apt. 893
594,720 Michael Tunnel Suite 840
595,52571 Jamie Groves
596,0523 Nelson Circles Apt. 093
597,78474 Steven Neck
598,0003 Michelle Mountains
599,6316 Marilyn Landing Apt. 611
600,45851 Philip Coves
601,92382 Richards Bridge
602,9274 Darren Estate Apt. 241
603,090 Salazar Squares Apt. 736
604,8921 Rojas Pines
605,8464 Amy Garden
606,718 Sara Stravenue
607,72455 Tara Meadows Apt. 324
608,3339 Deborah Fall Suite 864
609,13997 Jeremiah View Apt. 246
610,284 Hernandez Courts Suite 682
611,21898 Steven Hill Suite 919
612,6569 Ross Mission
613,0982 Peters Ramp Suite 432
614,18915 Michelle Spurs Suite 415
615,66980 Wong Road Suite 072
616,8201 Henderson Trail Apt. 494
617,66438 Christopher Crescent Suite 411
618,4608 Cassandra Lakes
619,6906 Burke Cove
620,7003 Raymond Parks Suite 521
621,48692 English Falls
622,129 Rogers Glens
623,0645 Alexander Ports
624,239 Alvarado Corners Suite 322
625,529 Denise Shoal
626,1459 Bradford Spurs
627,3670 Karen Loop Suite 185
628,7806 Jonathan Lock
629,7834 Amy Villages Suite 434
630,250 Tristan Manors
631,1344 Cheyenne Summit Apt. 934
632,844 Bishop Plaza Suite 499
633,556 David Mountains Suite 247
634,65741 Alison Canyon Apt. 575
635,765 Douglas Ramp Apt. 945
636,54709 Robinson Cape Suite 726
637,94883 Liu Loaf
638,79520 Berger Drive Apt. 692
639,42996 Maria Roads Suite 926
640,3494 Linda Green Apt. 042
641,407 Robert Falls
642,68976 Marie Pass
643,619 Gallegos Flat Suite 399
644,514 Knight Valleys
645,76876 Carrie Cliffs Suite 060
646,8363 Gomez Mission Apt. 783
647,66989 Scott Garden Apt. 118
648,90535 Trevino Land
649,671 Dustin Trail Apt. 354
650,99079 Hannah Road Apt. 958
651,08424 Morgan Roads
652,129 Alisha Mill Apt. 052
653,116 Ashley Lane Suite 116
654,00263 Sarah Burg Apt. 823
655,47000 Jackson Shoals Apt. 204
656,53696 Villarreal Creek
657,562 Danielle Island
658,8009 Heather Trail Suite 366
659,559 Mullen Rapid
660,0755 Kristen Coves Suite 531
661,032 Robinson Groves
662,38774 Jones Square Suite 790
663,62819 Alexandria Knolls Apt. 862
664,33252 Kimberly Isle
665,29652 Rogers Mission
666,3468 Sierra Grove Apt. 628
667,448 Randall Pines Apt. 911
668,064 Marks Orchard Suite 634
669,465 Morgan Shoal Suite 171
670,89115 Moon Walks
671,18232 Williams Haven Suite 370
672,971 Karen Ports
673,5419 John Loaf Suite 113
674,0473 Anderson Plaza
675,7063 Reynolds Crest
676,11568 Travis Greens Apt. 405
677,49743 Green Centers
678,003 Jared Branch
679,8774 Laura Avenue
680,4561 Davis Via Apt. 614
681,593 John Brooks
682,9039 Soto Glen
683,6075 Horton Junctions Apt. 117
684,84724 Matthew Circles
685,3381 Kayla Mountains
686,2518 Ortiz Canyon Suite 563
687,0178 Wilcox Key
688,732 Mary Lodge
689,7711 Harris Grove Apt. 934
690,9093 Davis Parks
691,15585 Harrington Ramp Suite 333
692,626 Riley Gardens Suite 500
693,6027 William Hills Suite 981
694,272 Wells Hill
695,4996 Meghan Spurs Suite 972
696,63880 Johnson Station Suite 489
697,9314 Donald Station
698,282 Katie Summit
699,41376 Hawkins Oval Suite 521
700,86453 Daniel Gateway
701,89168 Christopher Crest Suite 299
702,14516 Susan Summit Apt. 242
703,078 Johnson Hollow
704,16376 Davis Cape
705,213 Rich Cove
706,93470 Gamble Oval
707,7728 Steven Gardens
708,836 Garcia Meadows
709,079 Thomas Light
710,87829 Amber Orchard Apt. 139
711,021 Martin Underpass
712,773 Jared Cliff Suite 498
713,5400 Jennifer Key Apt. 974
714,140 Reyes Stream
715,8668 Morris Ranch Apt. 056
716,20354 Hernandez Inlet
717,37117 Graham Mountains
718,22117 Elizabeth Vista Apt. 902
719,8623 Christopher Rest
720,7849 Mitchell Islands
721,8903 Anne Villages
722,648 Livingston Crescent Suite 278
723,65261 Rebecca Brooks Suite 17
724,388 Gentry Island Suite 167
725,555 Cruz Point
726,80466 Danny Circle Suite 275
727,82913 Adrian Rapids Apt. 495
728,3737 Vargas Villages
729,091 Abbott Green
730,61112 Thomas Roads
731,987 Megan Locks Suite 980
732,1106 Bonilla Rest Suite 101
733,054 Karen Club Apt. 855
734,748 Melissa Loaf
735,28234 Pamela Heights
736,4450 Kimberly Green
737,538 Nicholas Islands
738,7736 George Shores
739,79138 Mueller Land
740,9219 Cabrera Ridge
741,303 Sara Flats Suite 980
742,505 Reynolds Knolls
743,84395 Combs Wells Apt. 969
744,392 Douglas Isle Suite 165
745,373 Harold Heights Suite 709
746,94461 Harvey Rapids Suite 366
747,585 Denise Keys
748,7149 Cervantes Springs Apt. 663
749,729 Brown Green Suite 795
750,4194 Patricia Road Apt. 220
751,0424 Hutchinson Squares Suite 641
752,5425 Adams Summit
753,0379 Jimenez Views Apt. 363
754,6342 Dunn Grove
755,1595 Angela Highway Suite 862
756,1661 Russell Circles Apt. 967
757,4291 Lee Forges
758,46105 Wallace Coves Suite 196
759,5268 Tracy Dale
760,51587 Joann Oval Apt. 653
761,33388 Wyatt Drive
762,6736 Kathleen Orchard
763,9853 Moore Point Apt. 294
764,3099 Lopez Harbor Suite 243
765,382 Wilson Ford Apt. 372
766,66280 Sheryl Grove Suite 037
767,7932 Weber Hollow Suite 801
768,4981 Stevens Valleys
769,4477 Michael Village Apt. 224
770,791 Miller Manors Suite 186
771,72226 Peters Coves
772,7716 Hodge Mountains
773,75957 Kelly Brooks Apt. 757
774,37052 Marissa Branch
775,464 Jill Land Apt. 707
776,94986 Walter Ridge Suite 821
777,634 Everett Centers
778,433 Valerie Locks Suite 494
779,58719 Blair Stravenue
780,612 Daniels Mountains Apt. 841
781,852 Molina Heights
782,77536 Hensley Lakes
783,98568 Ricardo Parkways
784,8381 Nguyen Ville
785,6044 Melissa Track
786,971 Allison Street
787,82992 Dustin Island
788,2958 Jonathan Lodge
789,973 Melanie Road
790,3291 Natasha Lakes
791,670 Lee Viaduct Suite 182
792,370 Reid Causeway Apt. 977
793,2719 Nicole Vista
794,072 Christopher Junction Apt. 972
795,8919 Johnston Trace Apt. 599
796,7076 Michael Plaza
797,6149 Theodore Terrace Suite 229
798,9944 Herrera Lakes
799,1403 Hartman Walks
800,69484 Katherine Turnpike
801,7777 Bean Creek Suite 475
802,89380 Williams Wall
803,64772 Sanchez Station
804,00258 Kimberly Drives Suite 507
805,087 Christine Unions Apt. 280
806,33884 Thompson Green Apt. 580
807,39917 Brown Mews Apt. 584
808,01460 Ryan Plains
809,6747 Kristen Mission Suite 121
810,91659 Thomas Courts
811,108 Nixon Trail
812,683 Jennifer Ranch
813,3977 Gregory Mission
814,91164 Gary Road Apt. 576
815,61185 Potts Keys
816,2868 Miguel Trail Suite 266
817,84412 Adriana Fords Suite 572
818,3244 Campos Bridge Apt. 980
819,1590 Taylor Freeway Apt. 223
820,43742 Moran Crest
821,22068 Jacob Fork
822,32959 Davis Spring
823,9351 Garcia Expressway Suite 446
824,840 Scott Trafficway Apt. 215
825,344 Eric Vista Suite 400
826,46777 Hoffman Streets Suite 120
827,31189 Lowe Plaza
828,4493 Sara Run
829,4177 Mark Extensions
830,91913 Peck Tunnel Apt. 018
831,429 Richard Turnpike
832,7088 Ramirez Walks
833,973 Sara Cape
834,77238 Harris Stravenue Apt. 219
835,885 Reese Expressway
836,021 Williams Club Suite 111
837,4409 Jennifer Spur Suite 018
838,63297 Ellis Rest
839,19214 Kyle Trafficway
840,99841 Margaret Stream
841,1471 Mills Junctions
842,2551 Andrew Ford Apt. 892
843,57843 Kathy Islands Apt. 818
844,997 Porter Prairie
845,4799 Henderson Manor Suite 941
846,5919 Jonathan Mills
847,37208 Thomas Wall
848,8329 Jones Mountains Apt. 597
849,8767 Jonathan Greens Apt. 296
