id,first_name,last_name,email,phone,age
0,Diana,Taylor,lawrencerichard@example.com,363-953-6808x7826,65
1,Ashley,Thornton,patricia70@example.net,878-835-8886x6972,28
2,Vanessa,Tate,michael58@example.org,410-455-6433,49
3,Amber,Hughes,allisonburch@example.org,(490)886-1854,42
4,Steven,Noble,jwolf@example.com,(585)270-1675x06035,53
5,Katherine,Clark,stephen80@example.com,+1-620-310-5418x27237,80
6,Nichole,Harrell,carlos11@example.com,885.908.9571x5620,74
7,Barbara,Bentley,billy62@example.net,+1-954-231-2016x752,69
8,Kevin,Burgess,jennifer27@example.org,523.528.4842x96402,76
9,Melissa,Mccoy,swilliams@example.com,994-981-2350,32
10,William,Yu,contreraskeith@example.com,747.675.4702x66480,21
11,Matthew,Pena,amandaeaton@example.org,319-236-8855x88182,19
12,Kayla,Thornton,carrolljason@example.org,001-994-751-0112,64
13,Zachary,Williams,gregory73@example.net,+1-268-340-6782,42
14,Cory,Martinez,taylorsusan@example.org,+1-587-312-0167x455,69
15,Gregory,Rodriguez,terryanderson@example.net,915-725-8771,26
16,Matthew,Harris,freemanjonathan@example.com,(779)764-1202x674,73
17,Lacey,Steele,nelsonrobert@example.net,(307)643-9395,55
18,Jessica,Bowman,scottrodriguez@example.org,712.667.7077x00382,60
19,Ryan,Nguyen,lamjonathan@example.net,819-684-8129x6099,73
20,Eric,Russell,daviscesar@example.org,3289226065,43
21,Julia,Dean,marysmith@example.net,9448278951,40
22,Michael,Griffith,mary07@example.net,(789)626-2590x459,62
23,Brian,Martinez,millerkara@example.net,001-221-886-1934x7626,78
24,Teresa,Cox,maddoxmichelle@example.net,(548)323-5940,40
25,Henry,Estrada,dpetersen@example.org,7802702747,63
26,Maurice,Franklin,ogill@example.org,532-869-0529,65
27,Jeffrey,Love,barrettjamie@example.com,+1-366-347-0328x48675,50
28,Sandra,Miles,jeffreyschaefer@example.com,(615)396-8847x186,30
29,Rebecca,Zavala,angela94@example.org,428-661-3731,33
30,Rebecca,Carroll,raypamela@example.net,6139172767,37
31,John,Gilmore,pfields@example.org,001-746-584-3617,56
32,Diane,Hernandez,marc53@example.org,+1-399-966-0223,71
33,Kirsten,Hunt,ealexander@example.net,001-483-907-7494x685,32
34,Ryan,Ruiz,vthompson@example.org,997-615-9120x0604,29
35,Michael,Thomas,michelle61@example.net,707.252.5206,45
36,Robert,Carlson,leekimberly@example.com,(590)448-8587,58
37,Derek,Burton,walljacob@example.com,429.857.3611x905,21
38,Jennifer,Parks,wongcheryl@example.net,001-633-667-4553x102,65
39,Ronald,Walker,alechartman@example.net,793-213-6936x77210,33
40,Allison,Smith,ymartinez@example.net,(862)668-7656x29408,57
41,Donna,Simmons,henrypeterson@example.net,001-775-713-7724,65
42,Stephanie,Smith,maria07@example.org,(247)866-1059,65
43,Heather,Garcia,robertpena@example.net,3327014814,73
44,Kristy,Anderson,lisa19@example.com,(752)733-0393x847,35
45,John,Parker,christopher13@example.org,940.698.1673,79
46,Laura,Matthews,robertsmichael@example.com,(776)931-4450x254,25
47,Christine,Zavala,stephensjanice@example.net,8936803636,18
48,Elizabeth,Stewart,gprice@example.net,254-850-1222x09152,23
49,Steven,Murray,fuentesryan@example.com,(292)353-2289,79
50,Nancy,Sanders,hernandezstacie@example.net,+1-906-203-3027,40
51,Casey,Vargas,yperez@example.org,(571)202-1145,31
52,Steven,Johnson,mday@example.org,5985763347,48
53,Rebecca,Hall,brodriguez@example.com,9658330416,56
54,Phillip,Chang,ronnie04@example.com,(471)874-4488x8498,54
55,Emma,David,jessica18@example.org,+1-527-488-3233x153,48
56,Garrett,Meadows,karen22@example.com,(684)869-6264,62
57,Paul,Williams,michelleflores@example.net,(866)851-2399,46
58,Robert,Cunningham,richardsonjessica@example.com,001-642-205-2000,68
59,Patricia,Reynolds,daniel50@example.com,001-897-619-3716x778,76
60,Nathan,Ayers,dianegarcia@example.net,+1-389-544-2604x8390,40
61,Jose,Frazier,stephenhamilton@example.org,704-961-3244x34507,54
62,Sheila,Adams,whitegary@example.com,+1-524-565-1910,49
63,Jody,Reed,cindy25@example.net,001-440-428-5986x49445,24
64,Tammie,Chavez,villanuevakimberly@example.net,+1-581-487-1312x3496,18
65,Laurie,Burns,becky69@example.org,001-266-417-6960x7597,47
66,Tina,Maxwell,brian59@example.org,(258)403-4610x1618,62
67,Garrett,Garner,brownlisa@example.com,285-885-2994,58
68,Cheryl,Wilson,chall@example.com,001-582-500-9133x554,43
69,Erika,Johnson,sullivansamantha@example.net,(303)740-9933x58615,47
70,Christopher,Avery,elizabeth52@example.net,320.340.9273x42710,26
71,Kimberly,Hernandez,adamskevin@example.com,3626320467,25
72,Gregory,Navarro,amy96@example.net,001-305-303-8338x15389,53
73,Danielle,Taylor,elizabethharris@example.com,(333)990-9998x90451,29
74,James,Adams,scottjason@example.com,001-360-521-8999x2695,50
75,Joshua,Rodriguez,nortonjeremy@example.org,001-711-496-8725,52
76,Tamara,Buchanan,colleenanderson@example.org,001-797-397-0153x68678,73
77,Mallory,Morton,justinarmstrong@example.com,899-437-2713,75
78,Jennifer,Jones,kelseybrown@example.com,488.969.5956x27247,24
79,Jean,Ellis,phillipsjames@example.net,516.683.5635x341,21
80,Alexandra,Cabrera,bryantrachel@example.net,(777)636-3358x664,37
81,Kristie,Thompson,warrenashley@example.org,291.363.1828x66199,39
82,Lisa,Brown,rogerscorey@example.org,268.235.7117x174,39
83,Charles,Miller,elizabethnelson@example.com,210.452.3501x482,54
84,Shaun,Andersen,kthompson@example.net,+1-353-848-2652x7391,75
85,Danielle,Baker,amberblevins@example.com,+1-819-310-7761x46150,70
86,Karen,Williams,xmoore@example.com,348.706.9219,76
87,Matthew,Buchanan,garrettjennifer@example.org,350.564.7387,60
88,John,Dunn,zcameron@example.net,+1-913-849-2916x6212,30
89,Sean,Moore,anitakelly@example.net,5219905681,61
90,Curtis,Johns,ldavis@example.org,(852)324-7371x2463,75
91,Tracey,Jones,cheryl85@example.com,794.611.0707,79
92,Thomas,Glenn,timothy86@example.net,+1-984-887-9770x1877,74
93,Bryan,Sullivan,madeline50@example.com,(295)579-6875x706,28
94,Samuel,Carpenter,bobbywood@example.net,496.627.2497x93644,54
95,Barbara,Ferguson,marktaylor@example.com,822-441-8097x4094,74
96,Kelly,Garcia,williamshunter@example.com,683-949-7041,25
97,Kathy,Woods,cookjohn@example.net,609.938.6757x221,27
98,Jill,Roberts,mary92@example.net,+1-849-248-6950x404,54
99,Mark,Edwards,fmoore@example.org,+1-397-343-4226x441,64
100,Bryan,Hays,darlene74@example.net,7812081339,62
101,Matthew,Hess,lauramiller@example.org,916-803-3915,62
102,Kelly,Williams,wrightbradley@example.com,(255)566-1717x26742,27
103,Crystal,Ford,herrerajorge@example.net,796.325.0872,47
104,Isaiah,Wade,kelliheath@example.org,307-715-9530x762,40
105,Evan,Stewart,ashleyeverett@example.org,+1-235-548-8537x617,19
106,Grace,Castaneda,colleenmartinez@example.net,6105100743,73
107,Melissa,Rodriguez,murphychristina@example.net,8512775629,21
108,Richard,Hughes,charlestaylor@example.org,+1-612-202-5725x6449,69
109,Nicholas,Hunter,william52@example.net,366.878.4502,64
110,Virginia,Murray,thomasstephen@example.com,(489)258-1320,68
111,Billy,Kelly,sandra20@example.net,579-448-5787,48
112,Joshua,Small,xnewton@example.com,3792222875,18
113,Joshua,Lowe,brittany50@example.com,+1-508-677-3428,49
114,Norman,Watson,fschroeder@example.net,(709)236-2200,35
115,Michael,Smith,brittany82@example.org,262.462.7132x5949,50
116,Deanna,Olson,michael29@example.org,808.431.9503x169,80
117,Mark,Montgomery,carriesimmons@example.net,+1-280-673-6222x23288,62
118,Emma,Chavez,roberta68@example.org,8478375050,65
119,Christopher,Rodriguez,martinkristin@example.org,+1-656-870-9859x909,34
120,Ryan,Robinson,barronsydney@example.com,(443)986-4093,32
121,Chad,Gibbs,melanie14@example.org,+1-598-754-7690x45361,45
122,Kimberly,Watts,anitahernandez@example.net,629.726.6257x45739,66
123,Alexa,Rodriguez,stephaniehebert@example.org,001-890-653-4436,22
124,Mary,Parrish,virginiashannon@example.net,534-599-0405x3502,70
125,Laura,Jones,dcharles@example.org,(413)796-7159x19605,25
126,Steven,Wright,cartertiffany@example.org,+1-642-977-5148,28
127,Emily,Johnson,waltonmelissa@example.net,493.406.6965,21
128,Jackie,Stanley,meyermichelle@example.org,001-985-928-5973x374,29
129,Matthew,Nguyen,josephgraham@example.com,446.725.7047x840,38
130,Richard,Burke,daniellewest@example.com,634.281.0078,70
131,Felicia,Lane,mcdowellstephanie@example.com,001-461-414-1498,53
132,Michael,Price,crosbyhunter@example.org,+1-733-478-1870x70316,45
133,Austin,Carter,russellalicia@example.net,750.714.7487x284,72
134,James,Ray,rwallace@example.com,(814)860-9798x66860,72
135,Gwendolyn,Hill,dochoa@example.org,596.491.6473,20
136,Craig,Russell,ronaldbenjamin@example.org,+1-228-585-9227x07385,55
137,Phillip,Contreras,kingmolly@example.com,001-831-992-7647x14252,68
138,James,Carpenter,mwalker@example.net,+1-282-848-7355,50
139,Jacob,Miller,bruceross@example.org,(741)960-8704,73
140,Heather,Wilson,fbarnes@example.net,752-402-5603x95600,61
141,Emily,Henry,framos@example.org,882-574-0477,70
142,Becky,Sullivan,ramirezethan@example.org,676-319-9370x9185,22
143,Hannah,Allen,hreed@example.net,001-871-954-7542x520,22
144,John,Robles,rebeccawoodward@example.com,+1-404-425-1774,65
145,Edward,Merritt,christopherlivingston@example.org,+1-437-210-6845x23398,38
146,Jennifer,Watson,parkeralexander@example.org,(476)343-2752x43347,78
147,Maria,Baker,traceycortez@example.org,001-645-680-3324x78274,21
148,Bryce,Orozco,brightgregory@example.com,(701)956-6417x4565,23
149,Andrea,Williams,browndebra@example.org,420-449-3971,80
150,Renee,Fleming,kennethneal@example.org,285.716.7527x4541,44
151,Lori,Juarez,benjaminbarker@example.com,981-809-7228x7929,37
152,Francis,Mitchell,bobbylewis@example.net,(576)453-3308x88322,52
153,Christopher,Harmon,wjohnson@example.org,(401)257-3987x72444,63
154,Nicholas,Vasquez,harrisyolanda@example.org,(366)206-8314x37571,62
155,John,Moss,thill@example.com,+1-383-830-4550,43
156,Todd,Mills,moorealison@example.org,390.691.9875x021,36
157,Troy,Johnson,joel20@example.net,6588251847,26
158,Amanda,Larson,xsutton@example.org,001-829-596-3564x631,28
159,Jenny,Grant,toddlee@example.net,716-573-0815x237,68
160,Michelle,Ramirez,paul64@example.com,942.362.0887x6804,75
161,Brittany,Miller,james64@example.com,001-333-829-8377x8019,39
162,Crystal,Smith,logan72@example.net,6868414462,77
163,Sandra,Carter,icurtis@example.net,(437)619-2781x059,75
164,Marissa,Rice,georgemccall@example.net,+1-313-415-3907x8947,72
165,Walter,Jones,briannabrown@example.net,(851)243-9587x754,27
166,Todd,Glenn,samantha43@example.net,(747)663-7117x47000,61
167,Heather,Johnson,troy94@example.org,(492)222-3662x90388,73
168,Caleb,Bishop,kellygray@example.org,001-238-330-4501x2379,59
169,Dawn,Clark,ulopez@example.net,(300)907-7462x24572,57
170,Michael,Castro,carterandre@example.org,001-469-386-4243x92993,33
171,Timothy,Waters,bbooth@example.com,+1-519-995-6602x18021,70
172,James,Patterson,dennis85@example.net,572.331.6687x5360,80
173,Michael,Matthews,jasonmerritt@example.net,257-362-1716,27
174,Cory,Payne,comptonjon@example.net,776-422-4698,31
175,Jill,Burton,christopher88@example.org,315.691.8736x665,79
176,Jeffrey,Stephens,gary89@example.net,641.307.1859x75845,51
177,Albert,Perez,lisaoconnor@example.net,+1-926-306-4276,64
178,Abigail,Wu,burnscatherine@example.org,277-343-2238,75
179,Amy,Hernandez,courtney91@example.net,+1-295-344-9466x531,40
180,Richard,Hall,stefanieweaver@example.com,001-571-980-5865,57
181,Laura,Freeman,andrewmartinez@example.net,001-332-882-3458,55
182,Kristin,Nguyen,staciemiller@example.net,(336)441-1916x496,37
183,Brianna,Gutierrez,watersgerald@example.net,(546)417-3470,72
184,Jesus,Vargas,cabreraharold@example.net,263-255-8093x96407,79
185,Christina,Woods,stephensjames@example.net,001-207-497-5210x636,67
186,Danielle,Gardner,paigeperkins@example.net,+1-926-691-9848,65
187,Johnny,Austin,matthewpayne@example.com,(700)679-5933x95679,73
188,Jenna,Williams,zgill@example.com,353-891-5295x20804,65
189,Sandra,Martin,donald15@example.org,582.886.4975x93913,20
190,Ricky,Richards,nicholas87@example.net,(684)300-3037x4949,50
191,David,Perry,hector30@example.net,219.936.0735,42
192,Jay,Mckinney,orhodes@example.com,9064846528,26
193,William,Gilmore,christopher39@example.net,(809)291-6002,76
194,James,Joseph,jdawson@example.com,7478000025,39
195,Brandon,Bradford,hmoore@example.com,704.281.8607,56
196,James,Brown,mckenziesherri@example.com,807.737.0225x2705,74
197,Brenda,Miller,ywest@example.net,(446)575-6099x01416,24
198,Shannon,Bullock,sferrell@example.com,517-975-4677,34
199,Robert,Wagner,kduarte@example.com,(502)684-1394,53
200,Lucas,Velasquez,shannon47@example.com,(557)790-3457,34
201,David,Williams,eduardo00@example.com,(921)323-2210,55
202,Jim,Morgan,obrown@example.net,+1-761-658-1484x7627,52
203,Stacy,Hall,fcruz@example.org,495-640-0609x130,28
204,Michael,Lynch,claytonlinda@example.net,+1-421-454-4854x11928,64
205,Jesse,Hall,christopherholden@example.com,+1-264-247-4345,74
206,Matthew,Williams,tpadilla@example.org,001-644-492-2461x660,52
207,Rebecca,Roberts,stephentrujillo@example.com,444-752-6564x5238,74
208,Mitchell,Palmer,ann41@example.org,988-592-6323,48
209,Miranda,Lawrence,zlopez@example.com,(277)322-1874x53396,31
210,James,Cabrera,rgeorge@example.org,733-789-1748x45285,35
211,Caroline,Foster,michael37@example.com,+1-852-406-2325x3424,69
212,Stephanie,Montgomery,markcervantes@example.net,(691)787-4894,29
213,Hunter,Leblanc,colemandavid@example.org,419-393-9673,72
214,Jeremy,Brady,zcox@example.net,972.820.2243,18
215,Christine,Glenn,vanessa55@example.org,+1-686-407-4498,63
216,Colin,Watkins,jonathan09@example.net,471-341-3977x6681,63
217,Dominic,Tyler,michaelstanley@example.com,449.554.3492x67053,55
218,Tiffany,Wise,elizabeth98@example.net,465.731.5924,51
219,Sarah,Carter,floresmelissa@example.net,(992)590-2324x34809,63
220,Brett,Frederick,ryansmith@example.org,(216)661-9510x571,79
221,Gary,Alvarez,fosterbarbara@example.com,+1-683-516-5192,37
222,Cassandra,Owens,karenmurphy@example.net,001-401-879-6256x739,59
223,Andrea,Hernandez,chenfrank@example.net,7977673595,59
224,Keith,Dominguez,dbell@example.net,001-497-425-6896x2911,45
225,Carl,Gentry,stephen88@example.net,694-270-7053x341,46
226,Joseph,Singleton,apowell@example.net,4776281488,43
227,Alexis,Smith,cookcorey@example.org,5456158079,21
228,John,Gonzalez,staffordricky@example.net,+1-920-234-6043x56472,18
229,Colton,Campbell,samanthanorris@example.org,(329)940-6572,43
230,Nichole,Henry,samuel69@example.net,001-282-668-3471x3011,70
231,Gloria,Phillips,nstewart@example.com,+1-281-277-6939,71
232,Sarah,Anderson,kyleperkins@example.com,9373805681,27
233,Toni,Rodriguez,hreese@example.net,606-917-5857x9114,57
234,Carmen,Shaw,zlewis@example.net,441.431.4713,65
235,Jacob,Christensen,pmiranda@example.com,+1-470-994-2692x2018,48
236,Paul,Clark,richardpeck@example.org,+1-336-841-5190x909,60
237,Robert,Patton,thomasrose@example.com,289-835-6539,50
238,Mark,Buchanan,teresa60@example.com,525.803.1163x01532,64
239,Christy,Jensen,tina90@example.org,+1-556-633-3564x25869,33
240,Amber,Smith,lauren22@example.com,(854)753-3708,53
241,David,Wright,alanjohnson@example.com,670-964-6521x724,56
242,Gary,Hernandez,kburch@example.org,7579825327,62
243,Jasmine,Franklin,chambersroger@example.net,550.268.9300,28
244,Jonathan,Chen,zsolis@example.net,844-743-7524,80
245,Marcus,Ross,rogermeyer@example.com,612-707-2549x851,38
246,Jennifer,Garcia,frances16@example.com,339.264.3502x13709,70
247,Ashley,Freeman,williamsdalton@example.com,883-204-9870x611,45
248,Raymond,Brown,welchray@example.org,748-804-0932x63985,18
249,Kayla,Carter,ywright@example.com,(221)252-4012,61
250,James,Bailey,ricejudith@example.org,534.749.1567x44643,46
251,Bryce,Webb,ntownsend@example.net,839.684.6746,51
252,Dan,Clark,hodgesronald@example.net,9422937313,48
253,Sandra,Kelly,crawfordpamela@example.com,743.730.6904x258,43
254,Jacob,Greene,ushepherd@example.net,644-976-8635x56608,77
255,Tammy,Hickman,melissaperez@example.net,001-686-950-2615x37116,22
256,Michele,Stewart,oliviaspencer@example.net,+1-752-892-8235,43
257,Roberto,Hester,bailey02@example.com,(272)662-6646,50
258,Michael,Drake,sjones@example.net,899-906-2451,22
259,Andre,Ruiz,berrywhitney@example.org,+1-480-394-1896x52430,69
260,Sharon,Johnson,williamfisher@example.com,001-795-842-0293x310,18
261,Mark,Johnson,madison78@example.net,810-943-8880x96322,53
262,Kenneth,Sanford,patrickfranklin@example.com,979.916.2965,35
263,Sean,Sexton,tpratt@example.org,(749)603-5878,78
264,Michelle,Rodriguez,xyoung@example.net,+1-421-485-8150x508,48
265,James,Sanchez,samantha07@example.org,+1-650-440-1281x5052,66
266,Hunter,Frost,djackson@example.com,+1-339-733-6598x61589,76
267,Cheryl,Foster,elizabethburke@example.org,(599)670-0813x0923,66
268,Katherine,West,nicole98@example.net,(474)434-9148x71131,76
269,Robert,Hammond,katiepena@example.org,001-417-922-9127x4059,65
270,Jessica,Schwartz,larryhernandez@example.org,(744)363-4028,52
271,Maria,Peters,debbie59@example.com,7706493245,36
272,Brian,Walton,margaretsimmons@example.net,9965947780,23
273,Kelly,Walls,hkaufman@example.net,001-682-315-0963x799,28
274,Mary,Donovan,georgerodriguez@example.org,+1-823-917-6428x418,24
275,Marco,Williamson,dcooper@example.net,(969)938-4785x4204,45
276,Sherry,Hughes,joelmorales@example.com,+1-951-553-7931x47962,34
277,Brandon,Rose,bushdanny@example.net,292-680-5448x64949,56
278,Ronald,Jackson,kimgraves@example.net,(474)784-8520x673,33
279,James,Espinoza,banksterri@example.net,664.819.9441x269,36
280,William,Lynch,cassandra74@example.org,001-427-739-9544x5148,66
281,Eric,Blake,spencerrobertson@example.net,(450)736-2735x730,47
282,Julia,Fletcher,manuel07@example.com,001-577-415-7491x1263,44
283,Stacy,Richardson,jennifer24@example.com,818-553-5706x6132,55
284,Jonathan,Alvarez,tony64@example.com,001-820-578-0575,45
285,Justin,Murphy,iwilson@example.com,+1-594-901-5399x198,77
286,Luis,Brown,jonathansims@example.org,+1-767-666-6681x43576,32
287,Danielle,Hopkins,george74@example.org,(762)518-7906,39
288,Christine,Parker,michellerojas@example.net,+1-493-542-8421,41
289,Bryan,Matthews,breynolds@example.net,782.273.2961x870,63
290,Marilyn,Davidson,karen95@example.net,5669239123,60
291,Walter,Wright,karenochoa@example.net,+1-275-806-9182x78743,55
292,Sarah,Craig,amanda25@example.org,(765)471-8473,68
293,Justin,Nelson,richardkelly@example.com,472.655.9825x656,53
294,Beverly,Campbell,shannonmarks@example.com,636.477.0577x96808,68
295,Kenneth,Gibbs,pwoodard@example.net,(579)469-7909x812,59
296,Meredith,Palmer,jessica70@example.com,595.491.4160,43
297,Lori,Elliott,rebeccabarnett@example.com,635-955-5711x03261,45
298,Susan,Grant,alison21@example.com,4644888226,36
299,Jennifer,Esparza,victor56@example.com,915-980-9838,70
300,Jeremy,Reynolds,christopher30@example.net,638-762-2599,50
301,Karen,Moses,bryan13@example.net,646-377-8591,55
302,Christina,Bryant,whitneywilkins@example.org,(984)870-2848x270,38
303,John,Ortiz,ldiaz@example.com,(775)452-5340x064,25
304,Christopher,Fuller,tiffanyanderson@example.net,001-595-787-5053,52
305,Stephanie,Clark,melissaharvey@example.net,734-290-3055x9943,64
306,Leonard,Barr,murphydebra@example.com,886.571.5990,78
307,David,Cross,lee83@example.com,+1-513-424-3461x44645,39
308,Bobby,Richardson,xjones@example.com,001-695-500-0572x07199,46
309,Jennifer,Morrow,zellison@example.net,935-533-6679x588,36
310,Natalie,Washington,chelsearodriguez@example.net,001-710-531-3607,24
311,Angela,Rhodes,joseterrell@example.com,203-601-9957x8014,55
312,Edward,Solis,xwebb@example.net,+1-745-959-4281x7390,38
313,Stacey,Smith,mooredebra@example.org,935.812.2683x88616,49
314,Erin,Gomez,michelle58@example.net,(664)360-3160x5879,31
315,Savannah,Carpenter,thompsontyler@example.org,400-378-3778x6426,70
316,Thomas,Drake,christopherbaird@example.com,001-583-550-4688x134,74
317,Michelle,Smith,ysimpson@example.org,001-515-801-2972x325,53
318,Clifford,Day,whitetamara@example.com,8562309494,20
319,Jennifer,Campbell,robert39@example.org,001-718-873-7586x3113,21
320,Nathaniel,Holland,deanwilliams@example.net,6592819797,22
321,Patrick,West,kristi32@example.org,+1-678-825-6257,41
322,Victoria,Trujillo,christinagarza@example.net,(787)915-9158x5425,66
323,Gloria,Douglas,harrisonchristopher@example.com,701.547.3042x583,38
324,Monica,Cuevas,chambersjulie@example.com,943.205.6755,20
325,Michael,Mora,andrewhunter@example.org,592.462.0722x2722,58
326,Jessica,Lewis,swhite@example.com,827-604-8248x7358,50
327,Evan,Woods,ahowell@example.org,(805)940-0857,39
328,Lauren,Morris,jeremy19@example.net,+1-942-716-4624x8168,37
329,Lisa,Stewart,steven41@example.com,865.296.1136x815,45
330,Logan,Benson,jonesheather@example.com,(985)245-7897,46
331,Kimberly,Johnson,john91@example.net,(970)936-2765x607,21
332,Kyle,Simon,ddelgado@example.org,001-944-533-9947,46
333,Jimmy,Mcclain,bryan08@example.com,001-899-276-9598x33464,52
334,Shawn,Johnson,gabrielle10@example.com,590-345-1309x914,39
335,Jennifer,Holmes,rnorman@example.net,762.546.4438x0842,78
336,Kathleen,Walker,trodriguez@example.com,001-794-686-5780,76
337,Katie,Hamilton,vbrady@example.org,001-430-210-6071x810,60
338,Jose,Carr,michaelfoley@example.com,6643385372,35
339,Anthony,Carter,riosamber@example.org,001-651-598-6833x74362,52
340,Christopher,Moreno,nguyenangie@example.net,447.224.2275x705,29
341,Vincent,Moreno,williamssharon@example.org,223.372.0919,62
342,Stephen,Miranda,rodneygonzalez@example.com,495.804.8837x484,36
343,Richard,Singh,wilsonchad@example.com,(927)994-6915x2613,60
344,Amanda,Davis,hdavis@example.net,774.287.5569x90508,22
345,Tiffany,Petty,zgoodwin@example.com,+1-785-837-2696x2537,65
346,Melissa,Bradley,zacharyskinner@example.com,001-267-952-7897x67310,62
347,Laura,Nguyen,carterkathryn@example.com,(459)805-6547x49865,33
348,Deborah,Li,phillipsrobert@example.org,(209)744-0442x676,62
349,Kimberly,Nichols,jessica90@example.com,922.359.3788,68
350,Timothy,Li,fwelch@example.net,001-604-719-9892,62
351,Patrick,Simmons,fordrobert@example.org,(914)713-8008x982,71
352,Ashley,Glenn,phillipsharp@example.net,504-574-1283x3223,54
353,Jennifer,Diaz,kyle22@example.com,9756509411,37
354,Marissa,Murray,tward@example.com,924.840.4389,35
355,Daniel,Jones,shawnbarker@example.com,476-553-2297,75
356,Rachel,Lewis,colenicole@example.com,(332)803-3461,39
357,Jeremy,Savage,maureensmith@example.com,(863)730-0123,32
358,Jerry,Reynolds,wilkinskatherine@example.org,9428793203,23
359,Debbie,Page,theresahernandez@example.net,798-508-5430x72709,60
360,Hannah,Edwards,valerie47@example.com,9868639512,77
361,Rhonda,Sparks,brandon34@example.net,001-256-897-4704x647,35
362,Anthony,Berry,angelagriffin@example.com,872.861.4951,80
363,Paul,Brown,robertcastillo@example.net,001-362-751-5523,28
364,James,Juarez,pattersondiane@example.com,001-260-585-7466x57405,71
365,Richard,Williams,catherine64@example.net,6475710169,74
366,Mike,Bell,rogersrebecca@example.com,001-450-273-1858x291,52
367,Cathy,Peters,tgonzalez@example.com,001-518-665-1517,47
368,Nicholas,Dennis,awood@example.net,707.455.9599x36449,29
369,Andrea,Sanders,ibaker@example.com,001-409-595-5826,48
370,John,Lane,brianhawkins@example.com,4418458384,44
371,Karen,Mitchell,gabriellopez@example.org,001-761-640-8352,24
372,Jennifer,Holden,kathy88@example.org,(488)935-9836x86204,21
373,Walter,Griffin,maria50@example.net,+1-992-614-6918,72
374,David,Olson,fpadilla@example.com,(500)489-0191x6400,77
375,James,Lopez,rowemonica@example.com,+1-211-797-8861x05139,57
376,Lisa,Lucas,william26@example.org,749-746-3111,74
377,Jessica,Collins,davidholmes@example.com,624-254-6556x584,57
378,John,Wilkerson,samantha12@example.net,959.346.0119,64
379,Heather,Giles,marissabell@example.org,(966)204-9643x4797,20
380,Michael,Estrada,johnbarnett@example.org,437-478-9381,70
381,John,Moyer,ohayes@example.com,583.434.0385,69
382,Sherri,Craig,tfisher@example.com,+1-308-849-7206x12371,57
383,Mary,Hawkins,ilewis@example.com,(629)283-3350x2127,46
384,Melissa,Willis,rodriguezmark@example.net,001-921-483-8601x09952,31
385,Cheryl,Smith,davidcook@example.com,830-842-2638x32006,44
386,Patricia,Schwartz,jamie68@example.com,(380)436-1939x26747,36
387,Alicia,Griffin,jacksongabriel@example.net,001-341-656-5544x359,77
388,Jonathan,Pearson,oburton@example.org,(613)862-9185x328,77
389,Sergio,Walker,cobbkayla@example.org,(401)908-6162x27560,22
390,Angela,Lewis,shirley35@example.net,744-731-7695x8602,77
391,Jessica,Luna,brightjoseph@example.net,001-743-908-0047x0356,63
392,Lori,Massey,villawayne@example.com,+1-283-957-4462x051,23
393,Samantha,Taylor,james47@example.com,(680)971-2964x590,68
394,Leslie,Graham,sarah80@example.com,480-407-0250x7298,66
395,Lisa,Hudson,sharonwang@example.com,930-499-0510,69
396,Emily,Lee,tylergaines@example.org,605.343.6630x3721,44
397,Margaret,Simpson,joshua29@example.com,302-380-2978x58042,48
398,Matthew,Hernandez,brian73@example.org,(914)379-9666,54
399,Christy,Lee,tyler88@example.org,(652)868-1434,19
400,Elizabeth,Greer,williamlewis@example.net,(596)612-0304x23957,32
401,Amanda,Garcia,mullinsbruce@example.net,(439)717-3287,41
402,Theodore,Ward,eugene45@example.com,001-753-426-1378,57
403,Julie,Allen,umay@example.com,+1-950-650-2144x2229,19
404,Robert,Allen,roberthaney@example.net,(656)330-8498,38
405,Matthew,Hammond,longgabriel@example.net,278-796-4628x4190,51
406,Corey,Short,wking@example.com,811-836-9391x687,63
407,Trevor,Drake,pmorrison@example.com,559.480.0903,60
408,Joseph,Brooks,courtneysoto@example.net,751-479-1634,59
409,Emily,Garcia,sheilaherrera@example.net,001-899-774-3735x318,75
410,John,Powers,woodslaura@example.org,288.410.2569,48
411,Anna,Howard,gwilkerson@example.com,369-334-2915,24
412,Joshua,Alvarez,tracy52@example.org,(255)906-3393x698,54
413,Leah,Watson,ahall@example.net,(634)851-0393,22
414,William,Gray,maryperez@example.net,+1-712-819-6570x333,37
415,Connor,Luna,owensjulie@example.org,001-965-474-1363,53
416,Mary,Jones,marissa33@example.com,416-605-6673,63
417,James,Day,andre56@example.com,744.885.4952,22
418,Stacey,Williams,ayang@example.net,001-787-314-9764x704,75
419,Marie,Wright,christy45@example.net,868-988-9129x380,44
420,Stacy,White,chanmark@example.com,998-465-4672x67326,49
421,Jamie,Hale,davissharon@example.net,+1-781-442-9791x673,61
422,Andrew,Dean,ericpeck@example.com,+1-637-770-3625,74
423,Todd,Carter,davisdavid@example.org,+1-725-319-8765x4174,80
424,Kevin,Church,mckenzieomar@example.com,555-780-6523,41
425,Charles,Mason,robinsonlauren@example.org,+1-446-446-8457x45606,48
426,Brian,Graves,brandonbrown@example.net,2818313802,76
427,Amanda,Acosta,andersonshelly@example.com,268.347.7301x5414,35
428,Julie,Flores,chapmanallison@example.com,+1-983-353-0484x16341,32
429,Lisa,Gallegos,chad71@example.org,001-908-990-5693,35
430,Randall,Lowery,sharvey@example.com,(505)935-3848x17399,43
431,Daniel,Simmons,afischer@example.org,790-789-3024,80
432,Diane,Atkins,christinewalton@example.org,612.486.7797x035,76
433,Alan,Brown,ashley33@example.org,473-578-9234x349,25
434,Julie,Sandoval,lori04@example.net,589-877-0724,26
435,Jimmy,Rodriguez,parkerbrandy@example.org,714-522-6730x52490,24
436,James,Howard,georgemalone@example.com,(916)815-5580,75
437,John,Wade,eparker@example.org,8355394679,42
438,Larry,Copeland,drobinson@example.org,001-422-659-0090,34
439,Karen,Allen,richardlinda@example.org,(954)837-8939,55
440,Donald,Rush,rodriguezbrandon@example.com,001-461-427-2862x71615,50
441,Ronald,Hernandez,mrobinson@example.com,(507)843-7939x021,74
442,Kelly,Carrillo,brenda25@example.com,(323)706-3017,57
443,Victoria,Flores,wolfkenneth@example.com,+1-422-232-7075x403,43
444,Drew,Yu,bradleygay@example.com,+1-971-900-8089x243,79
445,Brittany,Sullivan,jerry76@example.com,(763)402-6380,34
446,Ashley,Lucas,vcohen@example.net,(784)974-0227,55
447,Amy,Wilson,kaitlyn22@example.org,+1-729-541-8400,42
448,Michael,Clayton,moorejoseph@example.org,(807)559-6746x140,68
449,Emily,Carr,kelly68@example.com,639-620-4105,31
450,David,Pollard,joshuarodriguez@example.com,001-980-902-0835x390,22
451,Sarah,Schwartz,downsjeffrey@example.org,(714)782-5472,67
452,Kelly,Baldwin,jstanton@example.com,556.722.4376x4716,76
453,Sandra,Smith,danielchristian@example.org,+1-706-398-0777x25814,59
454,Karen,Smith,melissasmith@example.com,724-772-2047,41
455,John,Burgess,michaelreed@example.com,001-805-850-4973x4328,79
456,Christopher,Perez,groberts@example.com,276.412.8961,78
457,Christina,Price,ashleekeith@example.org,(764)841-4072,27
458,Melissa,Stone,sshaw@example.com,822-304-2843x488,73
459,Zachary,Banks,wthompson@example.org,667-533-6707,54
460,Patrick,Olson,johnrobinson@example.org,+1-620-906-5036x7477,49
461,Lorraine,Kirby,williamshah@example.org,638-990-1039x4035,47
462,Megan,Valdez,yjohnson@example.org,666-822-9071x39280,50
463,Linda,Jones,sharonmcguire@example.org,(989)735-4419,58
464,Matthew,Evans,sberry@example.org,(704)861-9010x95919,42
465,Shane,Williams,berrydavid@example.com,759-297-5099x51586,70
466,Linda,Lopez,ujohnson@example.com,881-279-2599x07204,35
467,Richard,Knight,millercaleb@example.org,5628635340,52
468,Kimberly,Harris,lisa79@example.org,001-455-358-5244x27966,28
469,Emily,Garcia,browngeorge@example.org,001-920-242-7499,32
470,Christopher,Cox,james74@example.com,+1-945-637-4641x9409,36
471,Christopher,Jones,pmcdowell@example.com,973.246.1813x1396,56
472,Dana,Taylor,erikagilbert@example.com,9623549338,56
473,Karen,Smith,rjones@example.org,(748)439-3259x195,18
474,Ian,Ortega,langchristopher@example.com,+1-351-857-6882x10951,23
475,Adam,Cruz,williamsdaniel@example.net,950.426.6293x475,49
476,Wendy,Scott,smithtracy@example.net,001-599-437-2139x3037,33
477,Andre,Jones,david65@example.org,+1-307-985-4554,44
478,Joseph,Mitchell,douglasmcmillan@example.org,001-202-238-8227x52910,56
479,Sara,Webb,bonnie45@example.com,+1-430-461-4150,56
480,Phillip,Walker,ricky66@example.com,282.325.1154,23
481,Cristina,Bradford,kennethstuart@example.net,001-206-690-1767,33
482,David,Garcia,wellsbrittney@example.net,857.802.0156,77
483,Bailey,Frazier,kingvanessa@example.org,001-760-609-7292,71
484,George,Floyd,carolyn80@example.org,+1-827-212-6984x4621,36
485,Barbara,Castillo,johnponce@example.org,944.635.9688x99678,78
486,James,Johnson,pamelaramsey@example.org,700-656-9682x37742,73
487,Jeffrey,Allen,mark20@example.com,001-693-814-1707,62
488,Anthony,Watkins,john92@example.net,(831)279-7291x889,45
489,Debra,Larson,atkinsonjoseph@example.net,254.226.4755,45
490,Denise,Fowler,rblackwell@example.net,(675)869-2684x6857,33
491,Grant,Pham,glennwilson@example.org,761-774-4844x395,45
492,Victoria,Rivers,pierceamanda@example.com,511-373-1369x0763,27
493,Julie,Schwartz,loretta92@example.org,(346)797-2393x398,59
494,Ashley,Williams,franciscowalker@example.com,318.844.9929,51
495,Andrew,Wells,jonathanjones@example.net,001-410-770-4784x83546,32
496,Nicholas,Anderson,santoscaroline@example.net,001-705-893-8504,28
497,Dana,Thomas,taylorkelly@example.org,221-952-5606x4518,67
498,Michael,Hill,carlawelch@example.com,(475)423-7961x558,61
499,Kyle,White,joseph72@example.net,001-809-505-0884x9898,21
500,Mark,Myers,ncrawford@example.org,(695)428-5158x7620,33
501,Zachary,Hernandez,samuelbradley@example.org,829.542.6649x8110,63
502,Jacob,Lewis,ericwilliams@example.net,(943)231-4451,43
503,Bonnie,Smith,pmarquez@example.org,+1-934-214-7403x7258,46
504,Heather,Peterson,shill@example.com,001-831-859-8008x87812,58
505,Ronald,Haynes,gavinlambert@example.com,001-545-950-9119x39172,64
506,Natalie,Rosales,yolandablake@example.net,492.433.8901,66
507,David,Guerra,moralesphillip@example.com,+1-369-255-6276x1079,41
508,Harry,Hill,hayeswilliam@example.com,502-505-8601,30
509,Austin,Hill,cooksabrina@example.com,001-450-366-6509x217,77
510,Kristen,Kim,jackmartinez@example.org,523-637-8519,47
511,Kristina,Powell,webbjessica@example.com,6248839662,62
512,Glen,Contreras,tylerrodriguez@example.net,(269)649-3249x698,25
513,Stephanie,Matthews,hollyreid@example.net,3139178611,32
514,Keith,Adams,eileen66@example.com,2826644776,44
515,Pamela,Hoover,claudia18@example.net,(626)393-1385,26
516,Kimberly,Singleton,robinsonamy@example.com,779-549-9042x0440,34
517,Brittany,Hayes,williammatthews@example.net,001-529-597-0363x867,50
518,David,Henderson,cynthia92@example.net,+1-901-858-3583x516,56
519,Tanya,Allen,sandrarobbins@example.com,(279)435-1850x2185,73
520,Donald,Anthony,feliciamartinez@example.net,868-708-1098x5636,19
521,Phillip,Wright,brownbeth@example.com,957-707-6058,53
522,Kristin,Owens,chandlerjennifer@example.net,001-379-633-7986x535,20
523,Lori,Caldwell,erica78@example.com,972-706-7382x4288,60
524,Jesse,Moore,nicholasflores@example.net,+1-595-757-7651x3425,51
525,Timothy,Miranda,maxwell58@example.com,376-511-0727,45
526,Cheyenne,Rojas,mfoster@example.com,547-578-7643,28
527,Taylor,Waters,molly24@example.com,922-225-2843,59
528,Shannon,Vasquez,khamilton@example.net,+1-827-922-9807x68715,42
529,Joshua,Kelly,lorijohnson@example.net,(710)875-0310x0657,49
530,Danielle,Davis,stephenjackson@example.com,(704)732-2417,46
531,Jorge,Ward,smithvanessa@example.net,001-856-888-8178x75296,76
532,Ashlee,Ferguson,esmith@example.com,(785)736-4162x104,55
533,Peter,Moore,lcarter@example.net,+1-863-454-9542x569,70
534,Samantha,Reynolds,brianna59@example.com,913.709.4503x6085,39
535,Kyle,Williams,thomas71@example.net,549-923-9509,53
536,Tammy,Rose,rmacias@example.org,870-861-1738x89901,65
537,Leslie,Morgan,leah44@example.org,388.497.3023,66
538,Briana,Stuart,tbell@example.org,+1-229-509-8620x0711,60
539,Tyler,Pollard,bakerryan@example.net,001-710-375-4414,55
540,Michelle,Castaneda,margaretknight@example.com,001-418-651-1669x6923,61
541,Timothy,Flores,paul50@example.net,432.208.9126,43
542,Nicole,Banks,xlarsen@example.org,001-884-931-7951x1727,26
543,Heidi,Moore,watkinson@example.com,767.580.1841,43
544,Sabrina,Boone,robin89@example.com,366.637.3224x5452,74
545,Samuel,Gonzalez,stephanie37@example.com,001-550-402-2714,25
546,April,Gibbs,brittany90@example.com,(977)535-4489x016,60
547,Melissa,Andrews,michael78@example.org,+1-723-494-9139,28
548,Andrew,Wise,bmcknight@example.net,+1-916-278-8076x955,63
549,Paul,Petersen,amandayang@example.com,+1-302-634-7275x2445,36
550,Wayne,King,patrickstewart@example.net,986.258.8066,54
551,Emily,Jacobs,thomasmichelle@example.net,(288)952-6622,76
552,Jillian,Graham,trivera@example.net,896.560.8947x6733,47
553,Katelyn,Beard,shawnking@example.net,001-844-584-0381x01774,34
554,Holly,Rodriguez,maxwell21@example.org,(422)682-7499,37
555,Alexander,Paul,barrygay@example.org,9392463571,32
556,Jared,Mendoza,ismith@example.com,(624)214-0352x3954,21
557,Richard,Hogan,rbrown@example.com,(372)456-1952,44
558,Brenda,Conway,tyrone53@example.com,472-485-4204,44
559,Hannah,Warner,agonzalez@example.net,001-746-421-1244x877,60
560,Christian,Rose,lweaver@example.net,979-980-8028x06279,62
561,Sherri,Lewis,shaunfischer@example.net,382.498.0446x061,40
562,Drew,Martin,steven63@example.net,001-724-841-4106,72
563,William,Simpson,michaeloliver@example.com,527-462-2751x7136,68
564,Anna,Jackson,laura71@example.net,001-471-481-8434x216,32
565,Patrick,Gilbert,lmorris@example.com,+1-846-428-5587x742,29
566,Jessica,Davies,sarahdillon@example.org,(252)454-7885,23
567,James,Robertson,davissteven@example.com,970-853-0252x635,77
568,Linda,Mitchell,clarkchristopher@example.net,(990)885-3038x31328,39
569,Edwin,Lowery,mariah38@example.com,439-850-3039x77899,52
570,Andrew,Ryan,whaas@example.net,532-410-3319,45
571,Jessica,Lloyd,jillwright@example.net,3249635554,80
572,Brian,Myers,joe29@example.net,001-261-694-1987x31731,32
573,Laura,Barnes,victorjones@example.org,349.504.5600x9978,54
574,Lee,Snow,brian77@example.net,+1-898-980-1896x8288,24
575,Shannon,Ross,alejandro75@example.org,3789708930,70
576,Savannah,Olson,weisspamela@example.com,908-501-1308x72762,79
577,Laura,Weber,palexander@example.com,001-267-684-4576,49
578,Stephanie,May,williamsjared@example.org,(336)201-1439,64
579,Hector,Benjamin,aaroncarr@example.net,+1-847-726-8254,27
580,Matthew,Hanson,mccoymatthew@example.com,813-720-5995x714,68
581,Roberta,Parker,gkim@example.com,914-685-6077,30
582,Aaron,Moore,mark56@example.org,(848)834-4793x275,30
583,Jamie,Hughes,justinmaddox@example.org,929-750-3196x2908,40
584,Laura,Garcia,courtney70@example.net,478.962.7038,65
585,Nathan,Fowler,ryan39@example.com,001-677-838-0395x8199,24
586,David,Phillips,stephen06@example.net,001-298-614-8639x662,70
587,James,Nelson,john56@example.net,001-331-540-9248x7843,20
588,Richard,Vazquez,fitzgeraldjustin@example.com,(643)307-5046x379,27
589,Daniel,Hughes,johnthompson@example.org,+1-792-748-7234x69420,78
590,Dawn,Sims,jeffreyrodriguez@example.net,(389)347-5113x9765,52
591,Steven,Howe,smithwesley@example.net,302-573-9688x94645,18
592,Victoria,Thomas,benjamin60@example.net,001-443-854-3468x0449,30
593,Michael,Hill,pandrade@example.net,875-860-1367x9382,28
594,Sean,English,jessica21@example.com,+1-836-935-5659x093,60
595,Gabrielle,Love,andrew58@example.com,(739)288-3124,50
596,Eric,Rodriguez,susanallen@example.org,396-287-6841,31
597,Rhonda,Brown,stacey81@example.com,(969)465-6512x40031,38
598,Rebecca,Arias,donnaroy@example.net,444-577-2525x5562,71
599,Vanessa,Carlson,sgraham@example.com,310-789-5714x397,38
600,Caroline,Bush,fspencer@example.org,001-254-688-7276x215,76
601,Karen,Walker,james93@example.org,001-341-237-1328x0392,29
602,Jose,Ellison,xwilson@example.net,543-794-3912,68
603,Brian,Clark,matthew87@example.com,(852)589-8368,72
604,Cindy,Chan,careytravis@example.org,001-845-661-1859x19962,24
605,Elizabeth,Jackson,mosskelli@example.org,261.899.3266x343,78
606,Rachel,Williams,johnsonmichelle@example.org,(730)282-0047,61
607,John,Jones,cklein@example.com,+1-849-466-3625,22
608,Katherine,Price,adamfry@example.net,(935)873-9798x54930,19
609,William,Bailey,sherriwaller@example.net,001-272-752-5047x0764,65
610,Gregory,Warren,ricky45@example.com,607-706-5846,34
611,Katrina,Vazquez,mariasims@example.org,934.332.7308,72
612,Carla,Olson,vsimmons@example.com,001-430-919-4714x7338,72
613,Denise,Mendoza,anita25@example.com,291.451.0115x116,34
614,Marcus,Castaneda,angela80@example.com,748-410-5351,47
615,Sean,Brown,scott51@example.com,+1-546-646-9779x58580,28
616,Vincent,Cross,allenmatthew@example.com,755.777.5865,50
617,Charlotte,Kaiser,zachary86@example.com,(341)835-7432x693,26
618,Phyllis,Johnson,qsanchez@example.org,793-573-0008,50
619,Adam,Washington,shawnpowell@example.com,781-819-8867x23068,22
620,Emily,Evans,danielking@example.com,9859272896,60
621,Christina,Rodriguez,christycochran@example.net,673-758-9879,64
622,Craig,Arnold,todd58@example.com,(459)521-7376x53700,76
623,Alejandro,Rogers,kristen77@example.org,001-969-364-5875x71390,67
624,Pamela,Vasquez,lindseycruz@example.com,665.796.9265x78528,64
625,Jeffrey,Beard,donna85@example.net,2059196987,21
626,Richard,Martinez,robertmiles@example.net,935.835.1983,54
627,Lynn,Jenkins,amata@example.com,808.895.1725x316,70
628,Edward,Anderson,deboraharias@example.net,+1-636-358-3130x6446,33
629,Maria,Carroll,timothy94@example.com,408-626-2341x0867,73
630,Mason,Carney,stephensvalerie@example.org,+1-537-670-7646,56
631,Cynthia,Sullivan,michele82@example.com,(906)750-0272x6812,29
632,Kristina,Phelps,christopher65@example.org,001-852-831-3762,43
633,Dawn,Smith,romanashley@example.org,652.393.8749x819,40
634,Debra,Robinson,wyattmelanie@example.org,790-246-4579x9081,34
635,Victoria,Kelley,sbell@example.com,(666)472-0729x448,56
636,Michael,Morgan,erin82@example.org,735-539-1352,37
637,Regina,Mitchell,bakerderek@example.com,(469)305-4156,48
638,Rachel,Baker,hortonsamantha@example.com,+1-346-206-6601x394,48
639,Cindy,Marquez,vwalker@example.com,5978362512,51
640,David,Costa,hmcmillan@example.com,8528963000,43
641,Mark,Turner,edward37@example.org,958.584.6734x4359,56
642,Steven,Delacruz,thomasmiller@example.org,001-672-558-7754x583,40
643,Kimberly,Black,orich@example.com,689-749-2920x499,64
644,Kelly,Coleman,karensanders@example.org,(627)282-9435x43360,47
645,Jennifer,Cantrell,warnerbrenda@example.org,(687)680-3494,77
646,Walter,Moore,joneskeith@example.com,+1-901-887-4645x686,41
647,Heather,Meza,hallmelanie@example.com,001-403-215-8591x0730,44
648,Jeffrey,Santos,allenvalerie@example.org,(741)897-3322x79171,61
649,Darlene,Cook,rboyd@example.com,509-429-5878x796,59
650,Philip,Lee,hobbsjacqueline@example.com,812.954.2408,58
651,Melissa,White,ejohnson@example.com,254.696.3577x23311,46
652,Cindy,Jordan,kathleenjohnson@example.net,9172224196,73
653,Joseph,Taylor,glen51@example.net,(979)328-1505x065,43
654,Pamela,Bowman,cnguyen@example.net,247-632-6667x5279,26
655,Summer,Sharp,holly33@example.org,+1-455-886-0293,31
656,Timothy,Gallagher,erikarodriguez@example.org,001-523-807-0590,43
657,Leslie,Davila,rhodge@example.org,608.262.7007,24
658,Kevin,Coleman,melinda39@example.com,001-527-976-9641x9961,77
659,Sharon,Johnson,elizabethreynolds@example.com,+1-482-416-2062x625,46
660,Madison,Watson,ldelacruz@example.org,+1-269-393-8837x669,43
661,Keith,Horne,stephenchavez@example.com,610-579-2394,18
662,Courtney,Francis,steven69@example.net,5215400070,71
663,Rebecca,Smith,smithwilliam@example.org,987-315-2233,75
664,Nicole,Fields,ijohns@example.net,937.696.5495,43
665,Kathleen,Stokes,kimberly16@example.org,(474)881-0633,50
666,Monica,Stout,whiteeric@example.net,(899)453-0257x83770,44
667,Daniel,White,victoriastewart@example.net,326.261.9756x200,32
668,Diana,Walker,jamesoneill@example.net,264-890-8067x11603,52
669,Wesley,Chang,lisabrown@example.com,912.474.1729,39
670,Daniel,Brock,panderson@example.net,001-610-743-1803,46
671,Chris,Williams,curtiscarolyn@example.com,(225)914-5993x7235,52
672,Tiffany,Johnson,claudiadrake@example.net,692.587.0226,54
673,Heather,Davis,wyattmadeline@example.org,+1-729-386-0806x7922,67
674,Amy,Williams,fostersally@example.org,275.673.9740,78
675,Dean,Vang,iwright@example.org,340.813.8145,59
676,Kimberly,Phillips,millermichael@example.com,433-497-7254x1269,64
677,Ricky,Sanchez,jamesjones@example.com,001-255-280-2244x38002,50
678,Francisco,Lewis,melissa13@example.com,(961)647-0381x70143,53
679,Jack,Owens,jameshodge@example.net,(415)248-0124,46
680,Lindsey,Matthews,valenciamichael@example.org,(293)513-6838,60
681,Mark,Frank,tsmith@example.org,(375)629-1505x849,48
682,Julie,Morgan,ielliott@example.org,+1-632-733-0495x1932,31
683,Justin,Richmond,jerry38@example.com,691.374.6548,39
684,Tommy,Brock,amy33@example.net,978.995.0125x34109,24
685,Vicki,Morgan,mary60@example.com,+1-846-532-9297x67080,49
686,Amber,Cook,valerieblevins@example.net,001-494-444-6991x2251,40
687,Stephanie,Williams,brendaduncan@example.com,773-566-7324,64
688,Keith,Davis,bkerr@example.net,755-969-9330,79
689,Benjamin,Mays,brian15@example.com,001-772-528-3816,69
690,Donald,Murphy,blackmichelle@example.net,(760)706-3444x8941,52
691,Ethan,Pena,kimtony@example.com,(286)458-0434x663,64
692,Debra,Edwards,ehernandez@example.com,001-855-840-8336x0004,67
693,Mark,Young,john46@example.net,(547)681-3527x51367,29
694,Justin,Dickerson,hoffmanmelissa@example.org,693.797.2904x3064,22
695,Stephen,Stewart,markhunt@example.net,(951)860-3514x768,24
696,Martin,Thompson,jacobrice@example.org,983-610-8575x67748,47
697,Stephanie,Bennett,hallsusan@example.net,(624)332-7947x203,45
698,Gabriel,Parker,tommytaylor@example.org,848-339-4598x73597,57
699,Peter,King,jsims@example.net,407-304-5904,42
700,Susan,Phelps,laura50@example.org,523-421-2537x4009,20
701,Sharon,Patterson,josephwang@example.com,(353)654-9560x3063,78
702,Ryan,Jimenez,jonathanparker@example.net,(386)705-0593,65
703,Scott,Hull,michaelhicks@example.org,001-999-986-2552x71880,59
704,Christy,Garcia,morrismargaret@example.org,508.732.5467,18
705,Tanya,Ballard,wyoung@example.com,917.423.9621x000,24
706,Monica,Villarreal,jonathancox@example.com,917.652.2155,24
707,Jason,Oneal,sarmstrong@example.com,+1-388-573-6589x459,56
708,Amy,Carroll,anthonypoole@example.com,241-471-5445,23
709,Barbara,Smith,mccormickbrian@example.org,001-316-742-4631,19
710,John,Gibbs,lisa51@example.org,291.347.1790x73032,26
711,Emily,Hubbard,ugraham@example.net,(216)694-6348x593,28
712,Crystal,Golden,wcosta@example.com,(382)778-1997,23
713,Shawn,Acosta,beardjeanne@example.org,+1-441-343-1413x25027,23
714,Paul,Watson,pbrooks@example.net,9247657264,63
715,Johnny,Richardson,martinharold@example.org,305.907.7211x396,33
716,Brenda,Jackson,jacksonmelissa@example.com,(324)695-6071,25
717,Austin,Mason,ledwards@example.net,(492)277-0157,49
718,Ashley,Serrano,toniprice@example.org,468.696.2401,21
719,Rebecca,Rodriguez,barnettlisa@example.org,+1-252-975-2570x974,72
720,Laura,Vincent,bushdaniel@example.org,8956414796,49
721,Jennifer,Campos,julieprince@example.com,+1-638-631-5252x087,59
722,Tyler,Gonzalez,davidjoyce@example.net,760-256-8593,55
723,Kayla,Parker,rita81@example.org,580-926-2601x6968,62
724,Christina,Williams,edward95@example.net,277.651.1279,23
725,Patricia,Lutz,katherine67@example.org,001-428-728-7194x8664,51
726,Jeremy,Mays,mistymartinez@example.net,4506743917,70
727,Steven,Floyd,gonzalezkimberly@example.com,573.664.3823x2458,41
728,William,Acosta,rogerhester@example.net,(449)331-8628x3429,25
729,Jeremy,Townsend,jpena@example.com,+1-247-329-4501x53756,56
730,Debra,Cross,swalton@example.org,(808)347-6791,41
731,Gary,Clarke,tiffany71@example.com,(512)331-6504x44418,56
732,Jasmine,Rodriguez,hallmichael@example.net,(599)228-4038x261,32
733,Erin,Hernandez,cynthiamoss@example.net,(905)877-3137,61
734,Gilbert,Brown,jonessandra@example.org,662-285-7516x8307,60
735,Chelsea,Mullen,rachelcunningham@example.net,2938224057,23
736,Rhonda,Harris,daythomas@example.com,4888588743,46
737,Robin,Reynolds,epeck@example.net,7198374955,64
738,Michael,Rogers,ymoreno@example.com,363-738-1931,37
739,Amy,Gonzalez,schroederwhitney@example.com,+1-539-438-1973,22
740,Lori,Nixon,oyoung@example.net,804.571.0266,34
741,Melvin,Bailey,brian02@example.com,264.707.3919,76
742,Mark,Aguilar,deckereric@example.org,625.493.5099x973,22
743,Andrew,Delgado,kyleholland@example.com,917.750.6449x8987,69
744,Patrick,Chandler,fnichols@example.net,293-258-5674,67
745,Brian,Lopez,wallbradley@example.net,(797)888-9612,29
746,Phillip,Frey,wjordan@example.com,958.493.6454x529,61
747,Ashley,Berry,garias@example.com,001-991-443-8803x28818,66
748,Barbara,Wood,wvelasquez@example.net,905.597.1939,79
749,Julie,Finley,rodriguezdavid@example.com,5564430032,43
750,Thomas,Kelly,jeffreyhinton@example.org,001-542-523-3792x6393,52
751,Heather,Kirk,andersonsarah@example.org,315.474.8355,40
752,Lynn,Potts,lawrence25@example.com,235-886-2525,64
753,Mary,Todd,trevor95@example.net,+1-982-887-9132x558,57
754,Ronald,Graves,odonnellteresa@example.net,3785011341,73
755,Justin,Allen,calvin34@example.org,377.387.7457,50
756,Robert,Walter,daniel56@example.org,324.697.2312x08403,50
757,Michael,Downs,olopez@example.com,504-668-2893,75
758,Autumn,Thornton,karen19@example.org,965-658-4229x990,36
759,Sonya,Duffy,tatepatricia@example.com,910-844-9511,47
760,Paula,Trevino,sguerrero@example.net,(722)686-8322x64054,28
761,Betty,Woods,tmartin@example.com,(377)306-3499x519,31
762,Kiara,Long,toddwagner@example.net,001-823-405-7937x631,58
763,Jacqueline,Carter,andersonjulie@example.org,+1-955-586-5038x003,21
764,Bryan,Thomas,aliciadeleon@example.com,(503)843-3537x50634,62
765,Jessica,Brown,ncraig@example.org,001-660-617-1281x40438,48
766,Rachel,Melton,woodshaley@example.net,731.585.4560x0751,40
767,Jennifer,Cooper,rileymichael@example.com,+1-522-441-3526x4830,34
768,Jeremy,Jones,vickie02@example.com,3024772959,70
769,Yolanda,Parker,wendytorres@example.org,(674)501-9843x9014,54
770,Ryan,Pena,nathangonzalez@example.org,+1-262-275-1068x02870,50
771,Gina,Stokes,ktaylor@example.com,(999)607-2565x568,31
772,Curtis,Berry,laneeric@example.net,+1-926-398-3730,46
773,Martha,Parrish,robert66@example.org,6205772113,19
774,Jessica,Hayes,courtneyedwards@example.net,211-459-5784,66
775,Seth,Smith,pattygarcia@example.net,298-525-6059x10618,47
776,Mark,Garrison,katie90@example.org,7515020756,23
777,Marvin,House,ksimon@example.com,001-621-763-8361x9079,77
778,Daniel,Silva,martinezdaniel@example.net,314.830.9723x96280,64
779,Jennifer,Wiley,robertosheppard@example.net,(684)903-0536,46
780,Elizabeth,Lopez,knash@example.org,611.690.8967x6604,80
781,Megan,Armstrong,jennifer31@example.net,977.569.8696x2953,34
782,Laura,Davies,jeremy55@example.org,001-601-608-5529x999,41
783,Stacy,Rodriguez,porterbryan@example.org,801-843-0604,69
784,Brent,Adams,derrickstevenson@example.com,(798)660-0274,62
785,Edward,Martinez,charleswilliams@example.com,(208)529-3109,51
786,David,Carlson,patriciahayes@example.com,(932)311-4159,21
787,Dana,Dunn,belleric@example.com,264-448-1819x774,29
788,Jeremy,Howard,ksullivan@example.org,+1-553-775-5066,69
789,Nathan,West,ryanlaura@example.net,714-730-7464x3839,50
790,Nathan,Smith,michaelroy@example.net,6823582296,41
791,Thomas,Howard,lindadelgado@example.com,368.512.5223,44
792,Brandon,Blevins,david69@example.com,(381)895-1080,74
793,Samantha,Hill,perryjohn@example.org,001-473-705-4666x72327,29
794,Jennifer,Cherry,coxzachary@example.net,+1-450-333-8084x0778,75
795,Debbie,Roach,maloneian@example.net,+1-636-204-2840x487,23
796,Robert,Howard,ofloyd@example.com,001-333-723-3587x783,55
797,Frank,Jordan,ellisdaniel@example.net,(443)794-8431x39662,32
798,Barbara,Edwards,kschmidt@example.net,+1-500-925-0330x356,50
799,Deborah,Mills,vwilliams@example.com,(261)353-8141,20
800,Julie,Beard,ocrosby@example.org,(834)257-7938,45
801,Francisco,Yu,zruiz@example.org,(212)432-5174x89557,42
802,Stephanie,Smith,codonnell@example.com,+1-256-296-5497x12942,79
803,Cheryl,Compton,padillachristina@example.org,9418896860,23
804,Brian,Willis,nmoody@example.com,+1-606-688-6397x3245,67
805,Jennifer,Johnson,oliviaellis@example.com,+1-218-910-1682,58
806,Joe,Burke,gravesmary@example.net,001-655-848-0548x19487,23
807,Dawn,Malone,timreese@example.org,991-636-5073x2159,37
808,Patrick,Miller,jamiehall@example.net,001-432-607-6027x721,45
809,Erika,Green,barneskaren@example.net,+1-922-386-8694,32
810,David,Hayes,daltonsmith@example.com,509-241-2561,79
811,Andrea,Flores,basspamela@example.org,001-401-446-0746x670,18
812,Wendy,Gregory,chad36@example.net,530-460-9687,31
813,David,Murphy,jennifer52@example.org,+1-432-466-5365x99016,32
814,Keith,Kane,bryan12@example.com,001-558-534-5996x64331,50
815,Gregg,Goodwin,smedina@example.net,+1-214-997-9817x191,50
816,Kimberly,Robinson,hallwilliam@example.org,630-661-9515x40318,52
817,Jessica,Maddox,dillon01@example.org,3562298810,31
818,Scott,Farrell,brandidalton@example.com,(862)690-6410,60
819,Ann,Terrell,ctorres@example.com,773-592-3379x81930,22
820,Lisa,Brown,raybrenda@example.org,443.978.1854x008,48
821,Scott,Garcia,vharrington@example.com,816.640.1181x398,40
822,Bradley,Blevins,sbautista@example.org,986.340.6620,74
823,Matthew,Herrera,ograves@example.com,4638388451,35
824,Kelli,Martinez,adam98@example.org,001-374-296-0239,48
825,Michael,Cross,debrasoto@example.org,(241)485-5490,77
826,Erika,Wright,nataliehenson@example.org,(306)765-9454x59057,29
827,Eric,Fuller,volson@example.net,+1-856-558-5646x303,72
828,April,Stewart,twallace@example.net,+1-310-442-6309x4768,55
829,Katrina,Green,tiffanywright@example.net,498-423-7760,64
830,Dylan,Brown,bryan58@example.org,+1-366-804-4699,32
831,Elizabeth,Gutierrez,reedtracy@example.net,274.233.5475x2115,52
832,Rebecca,Soto,sharon85@example.org,(842)762-8291x4575,29
833,Edward,James,timothyrodgers@example.net,001-566-955-3384x796,52
834,Allison,Everett,amcconnell@example.com,998.830.7379x7621,35
835,Albert,Larsen,barronvictor@example.net,001-968-681-0392,61
836,Donna,Washington,sandrapineda@example.org,982-478-9799,33
837,Maria,Gardner,hharrell@example.com,746-432-5192x1628,31
838,Elizabeth,Hill,brownjessica@example.net,751.875.7052x0064,30
839,Carolyn,Brown,qsmith@example.com,(663)517-2743x13976,64
840,Rebecca,Brown,johnsonmichael@example.com,+1-734-785-9228x299,19
841,Diane,Ramos,pford@example.net,(242)799-8137x32450,31
842,Jake,Sparks,dennis38@example.com,001-541-729-1358x26061,78
843,Jaime,Ramirez,sullivankylie@example.com,+1-719-399-8335x283,66
844,Alexis,Stanley,jessica49@example.org,(435)637-4065,74
845,Jessica,Barnes,virginia91@example.net,001-640-744-3794x42593,44
846,Miguel,Thomas,erin90@example.net,691.732.8117x94920,66
847,Randy,Wright,perezwendy@example.com,451-769-2650x9608,25
848,April,Pierce,waltersusan@example.org,(662)686-8552,71
849,Amy,Powers,youngerik@example.net,6862179282,41
850,James,Murphy,justin81@example.org,+1-844-744-0749x8520,59
851,Travis,Garza,tinamack@example.org,541-248-1512x892,19
852,Victoria,Newman,harringtonsarah@example.com,302.751.1037,44
853,Patricia,Gillespie,sarah94@example.com,688-493-5650x19067,35
854,Roger,Willis,phillipskristopher@example.org,831.854.8272,39
855,Gregory,Hancock,ericsmith@example.org,+1-891-235-3691x033,64
856,Thomas,Bush,sreid@example.com,5866184765,44
857,Vincent,Becker,staffordteresa@example.net,+1-242-304-3995x753,40
858,Dylan,Cline,donaldpatrick@example.net,847.839.3625,49
859,Caleb,Armstrong,stephensonsusan@example.org,(508)929-6105,69
860,Tristan,Hale,joseph61@example.org,001-610-443-5219x086,80
861,Robert,Smith,alan66@example.org,(908)989-7328x32187,70
862,Laurie,Huber,hoodtyler@example.net,8295717041,18
863,Kelly,Rivers,brett88@example.com,(268)828-3105x43889,35
864,Savannah,Jenkins,cynthia50@example.net,(424)344-4186,55
865,Hector,Estrada,johngarcia@example.net,001-911-841-5704,25
866,Cassandra,Valencia,hallstephen@example.com,217.785.8370,68
867,Timothy,Evans,rebecca29@example.com,570-681-8951x6561,21
868,Eric,Bautista,ujones@example.org,(314)386-5349x408,54
869,Susan,Case,dylanyoung@example.net,595.752.6180,43
870,Joyce,Smith,tray@example.com,345.670.7263x9269,76
871,Linda,Russell,griffithpaul@example.org,(683)945-3982x237,71
872,Susan,Stewart,singhnatalie@example.net,001-794-437-3602x6144,78
873,Joseph,Frank,huntkimberly@example.org,+1-458-293-3784x78271,52
874,David,Kent,ellisanthony@example.net,+1-297-670-2405x4149,65
875,Jaclyn,Pollard,irobinson@example.net,878-354-1001x18622,50
876,John,Fletcher,samuelhanna@example.net,403-737-3532x949,34
877,Melissa,Cooper,davidsonjohn@example.com,001-364-499-3565x1356,37
878,Brandy,Maxwell,jasonrobinson@example.net,001-328-459-8714,27
879,Breanna,Glenn,vsmith@example.org,+1-949-761-2712x5094,54
880,Kristen,Cuevas,staffordjulie@example.com,(498)825-9970x35941,32
881,Lindsay,Jones,michelle85@example.com,715.533.6606x418,34
882,Jessica,Woods,kylesanchez@example.com,777-608-5316x6487,22
883,Raymond,Le,amberevans@example.com,9189208628,23
884,Heather,Garcia,satkinson@example.org,+1-887-706-6240x653,31
885,Gabriel,Ellis,reginafarrell@example.com,(201)739-4230,38
886,Jesse,Newton,michealharrington@example.org,+1-420-324-5090x37292,38
887,Cassandra,Velasquez,allen55@example.net,430-951-7226x6464,32
888,Patricia,Greene,tsmith@example.net,(647)290-8242,21
889,Marc,Hicks,christopherhuff@example.org,+1-531-859-1404x5271,79
890,Rebecca,Lindsey,griffinjustin@example.net,001-231-938-9860x458,18
891,Ricardo,Blair,millerkevin@example.net,001-624-685-6802x9190,64
892,Donna,Obrien,kingcaitlyn@example.com,841.850.3764,37
893,Andrew,Miles,copelandkelly@example.net,(757)568-0527,73
894,Joshua,Ortiz,yholder@example.com,319-664-7270x1949,69
895,Stephen,Bridges,btate@example.org,(381)312-5566,26
896,Melissa,Thomas,scottkaren@example.com,309.308.4128,52
897,Robert,Thomas,meyerkimberly@example.net,(866)271-0040,55
898,Bruce,Sullivan,cassandra43@example.org,(929)827-1721,47
899,Juan,Young,jill91@example.net,+1-276-268-0779x904,36
900,April,Gomez,kristinasmith@example.org,875.437.5180x21254,46
901,Samantha,Larsen,martinjulia@example.com,001-238-863-9339x5788,63
902,Gregory,Garcia,xmorrison@example.org,(830)773-1371,41
903,Chad,Collins,leahpark@example.net,5606810127,56
904,Frank,Houston,david52@example.org,452.379.9352x66414,57
905,Douglas,Ramirez,mccarthyronald@example.org,218.276.6197x20077,31
906,Kevin,Harris,heathercannon@example.org,(344)955-0486x6022,70
907,Olivia,Rogers,victor10@example.net,001-306-722-7682x069,61
908,Jennifer,Avila,elizabethcontreras@example.org,621.288.9322x6715,42
909,Patrick,Mitchell,hernandezjoshua@example.com,699.975.7410,67
910,Vernon,Conrad,maria78@example.net,(751)912-4555x9640,40
911,Alyssa,Taylor,olucas@example.org,909.261.6673,65
912,Stacy,Willis,vmartinez@example.com,+1-974-360-2453x9249,33
913,John,Williams,robertsonjoseph@example.com,001-878-345-6317x454,52
914,Paul,Nunez,john75@example.org,+1-796-713-3752,22
915,Tonya,Mercado,zbeck@example.net,778.375.0482x32249,42
916,Jennifer,Wilson,sergio50@example.org,476.423.1560x5613,51
917,Michael,Durham,fernandezjacob@example.com,625.970.8063,26
918,Steven,Sandoval,tannerjeffery@example.org,703.377.2161x167,49
919,Heather,Wheeler,anthony24@example.org,001-644-453-0519x8606,75
920,Keith,Rodriguez,scott45@example.com,+1-689-374-1187x59944,52
921,John,Winters,allenpatricia@example.org,001-586-820-7104x6698,44
922,Casey,Davis,ericvasquez@example.net,(902)866-4812,56
923,Michael,Giles,william53@example.com,+1-619-696-8513,50
924,Olivia,Walters,catherinehopkins@example.com,767-736-1896x3773,61
925,Alexander,White,guzmansarah@example.org,9308953218,67
926,Brianna,Glass,bmccall@example.net,+1-626-706-4484x472,46
927,Brandi,Swanson,robert70@example.net,530.876.3175x561,66
928,Nicholas,Ruiz,hansongabriel@example.net,927-601-9597x94040,69
929,Judith,Joseph,bradyvalerie@example.net,(948)732-3103x049,63
930,Joseph,Wolfe,sanchezjessica@example.net,412-681-1718x0323,70
931,Dominic,Little,raven49@example.com,(205)596-6759x6495,34
932,Stephanie,Kerr,xvargas@example.com,281-234-4624x1734,57
933,Vanessa,Thomas,cruzalicia@example.org,+1-844-799-7496,45
934,John,White,robinsonlance@example.net,463.652.2626x4212,57
935,Tyler,Clarke,rasmussentimothy@example.com,001-673-903-7351,59
936,Nicole,Valenzuela,vpatterson@example.net,492-395-7250,74
937,Katherine,Carr,jfuller@example.org,348.621.1363x1756,58
938,Jennifer,Thomas,mary21@example.org,(561)926-6810,45
939,Hunter,Thornton,kleinmichael@example.net,455.345.1941,34
940,Donald,Banks,deanthomas@example.net,735.546.9171,65
941,Christy,Nelson,robrien@example.net,001-743-571-5341x40280,70
942,Eric,Garcia,kelly76@example.net,(819)333-9744,76
943,Douglas,Gordon,zjohns@example.com,307.545.5829,46
944,Kelly,Hill,powellanita@example.net,924.596.9267x04645,37
945,Timothy,Dixon,sjackson@example.net,+1-544-441-4385x895,56
946,Nicholas,Hicks,whiggins@example.org,(875)990-0219,72
947,Cody,Shields,monicaodom@example.com,+1-742-622-5719,47
948,Vanessa,Orozco,nancywallace@example.org,+1-492-898-0440,80
949,Luis,Garcia,reynoldsdonald@example.org,+1-713-778-4181x15343,47
950,Nathaniel,Johnson,njordan@example.org,+1-345-691-4898,31
951,Daniel,Ortiz,janderson@example.net,(501)869-9731x3193,76
952,Kyle,Becker,mark76@example.org,(893)684-3988,43
953,Zachary,Booth,melody12@example.com,725-713-4305,40
954,Kimberly,Allen,kevinwebster@example.com,001-673-332-1212,26
955,Kristina,Lozano,karenpace@example.com,772-251-1425x7085,44
956,William,Henry,heather87@example.org,001-352-893-8088,23
957,Kelli,Marquez,richard61@example.com,745-727-1639,39
958,Michelle,Morgan,hobbsmolly@example.net,+1-272-568-2766,52
959,Diana,Ibarra,brownnicole@example.org,+1-945-804-2821x161,73
960,Jack,Huang,debbiebrown@example.net,001-520-810-2499,27
961,Luis,Alvarez,velasqueznatalie@example.com,(406)804-7527x16197,25
962,Morgan,Mcdaniel,clarklori@example.net,+1-633-374-7543x9391,52
963,Sylvia,Hart,dheath@example.org,784-714-8504x0938,67
964,Michael,Walker,dhall@example.org,(622)990-3284,43
965,Lorraine,Ross,dpatterson@example.com,(594)712-3696x593,63
966,Victoria,Ware,hrobinson@example.net,(534)454-2603,44
967,David,Stephens,paulevans@example.com,001-783-504-4696,50
968,James,Cruz,lee72@example.org,4976721258,44
969,Gabriela,Curry,bruce06@example.net,+1-971-683-2942,18
970,Amy,Carter,jessicaharrison@example.org,001-534-926-6676,53
971,Joshua,Cummings,susantaylor@example.net,5925645757,60
972,Jermaine,Welch,austin15@example.net,001-278-816-1081x37492,23
973,Ruth,Patel,joyce50@example.com,374.343.0647,25
974,Johnny,Peterson,ruizjon@example.com,+1-965-626-1261x7101,39
975,Michael,Ross,nryan@example.net,(632)895-9204x712,32
976,Michelle,George,whitejill@example.com,701.377.8314,66
977,Paul,Sheppard,kevin24@example.net,942.455.3594,78
978,Brittany,Peterson,erodriguez@example.com,+1-956-506-9642x726,25
979,Daniel,Shields,andrewbaker@example.net,602.782.0367,52
980,Kenneth,Burnett,jesse37@example.com,(613)438-7052x43814,36
981,Jill,Jacobs,penastephanie@example.net,(246)809-6997x053,57
982,Crystal,Scott,toddbonilla@example.net,001-227-914-3817x3455,48
983,Ronald,George,robinsonerin@example.com,(376)629-9857x96976,45
984,Carl,Davis,mcmillanleonard@example.org,346-985-9159,29
985,Travis,Harris,qhamilton@example.com,+1-445-947-0849x486,68
986,Kendra,Spence,sharongardner@example.org,001-305-954-2996x251,62
987,Dale,Peterson,johnsavage@example.net,+1-345-423-1469x163,77
988,James,Lopez,hillaaron@example.org,+1-610-312-1615x4874,58
989,Andrea,Banks,younglisa@example.net,(277)427-9254x9066,43
990,Amber,Gray,tiffanyyu@example.net,(432)419-4067x94011,44
991,Mary,Anderson,scott79@example.net,6169325407,62
992,Jennifer,Johnson,timothywilliams@example.net,905.905.5729x654,22
993,Jennifer,Juarez,hayesashley@example.net,001-252-779-9097x522,72
994,William,Hughes,julie00@example.org,749-865-0128x5452,58
995,Timothy,Brown,wilsonandrew@example.org,(434)338-6434x31054,77
996,Morgan,Smith,jeffrey26@example.org,812-910-1489x2528,21
997,David,Rice,rgarcia@example.com,+1-659-905-5789x822,39
998,Scott,Harris,jamesjoseph@example.com,372.767.3743x71204,27
999,Danielle,Young,amanda18@example.org,(817)371-0813,36
